Population #,Replicate #,clutch_1_date,AMPM_1,clutch_2_date,AMPM_2,clutch_3_date,AMPM_3,clutch_4_date,AMPM_4,clutch_5_date,AMPM_5,clutch_6_date,AMPM_6,clutch_7_date,AMPM_7,,Clutch size,(clutch count date),Notes,,Inbreeding? (for age at maturity) ,inbred_gravid_1_date,inb_AMPM_1,inbred_gravid_2_date,inb_AMPM_2,inbred_gravid_3_date,inb_AMPM_3,inbred_gravid_4_date,inb_AMPM_4,inbred_gravid_5_date,inb_AMPM_5,inbred_gravid6_date,inb_AMPM_6,inbred_gravid7_date,inb_AMPM_7,inbred_gravid8_date,inb_AMPM_8,,,,,,,,
2292396,1,6/19/2017,AM,mother died (7/4),,,,,,,,,,,,,,,,,,,,,,,,,,,,,,,,,,,,,,,,,
2292396,2,6/20/2017,PM,6/24/2017,PM,6/28/2017,AM,7/2/2017,AM,7/6/2017,AM,7/10/2017,AM,7/14/2017,AM,,52,6/23/2017,,,Y,7/21/2017,PM,7/22/2017,AM,7/23/2017,PM,7/24/2017,AM,7/24/2017,AM,7/24/2017,AM,7/24/2017,AM,7/24/2017,AM,7/24/2017,PM,7/24/2017,PM,,,,
2292396,3,6/19/2017,AM,6/22/2017,AM,6/26/2017,AM,7/4/2017,AM,7/8/2017,AM,7/12/2017,AM,7/16/2017,AM,,,,,,,,,,,,,,,,,,,,,,,,,,,,,,
2292396,4,6/19/2017,AM,6/21/2017,AM,6/25/2017,AM,6/28/2017,PM,7/2/2017,PM,7/7/2017,AM,7/10/2017,PM,,,,,,,,,,,,,,,,,,,,,,,,,,,,,,
2292396,5,6/18/2017,PM,6/23/2017,PM,6/27/2017,AM,6/30/2017,PM,7/5/2017,AM,7/8/2017,AM,7/12/2017,AM,,21,6/23/2017,,,,,,,,,,,,,,,,,,,,,,,,,,,
2292396,6,6/19/2017,PM,6/24/2017,AM,6/27/2017,PM,7/1/2017,PM,mother died (07/1 PM) before clutch_5,,,,,,,69,6/23/2017,,,,,,,,,,,,,,,,,,,,,,,,,,,
2292396,7,6/18/2017,PM,6/24/2017,PM,6/27/2017,AM,7/1/2017,PM,7/4/2017,PM,7/8/2017,AM,7/12/2017,AM,,,,maybe not enough food?,,,,,,,,,,,,,,,,,,,,,,,,,,
2292396,8,6/18/2017,PM,6/24/2017,AM,6/27/2017,AM,6/30/2017,PM,7/4/2017,AM,7/8/2017,AM,7/11/2017,PM,,,,maybe not enough food?,,,,,,,,,,,,,,,,,,,,,,,,,,
2292396,9,6/18/2017,PM,6/23/2017,AM,6/27/2017,AM,7/1/2017,AM,7/5/2017,AM,7/9/2017,AM,7/13/2017,AM,,30,6/28/2017,maybe not enough food?,,Y,7/12/2017,PM,7/17/2017,AM,7/17/2017,AM,7/18/2017,AM,7/24/2017,AM,7/24/2017,PM,7/27/2017,AM,,,,,,,,,,
2292396,10,6/21/2017,PM,6/25/2017,AM,6/28/2017,PM,7/2/2017,PM,7/6/2017,PM,7/10/2017,AM,,,,58,6/28/2017,,,Y,7/11/2017,PM,7/18/2017,PM,7/19/2017,AM,7/19/2017,PM,7/20/2017,AM,7/20/2017,AM,7/20/2017,AM,,,,,,,,,,
2292396,11,,,,,,,,,,,,,,,,,,,,,,,,,,,,,,,,,,,,,,,,,,,,
2292396,12,6/23/2017,PM,6/27/2017,AM,7/1/2017,AM,7/4/2017,PM,7/8/2017,PM,7/12/2017,AM,7/17/2017,AM,,52,6/28/2017,"good amount of fresh food, but still very slow development, no copepodites",,Y,7/20/2017,AM,7/20/2017,PM,7/21/2017,AM,7/22/2017,PM,,,,,,,,,,,,,,,,
2292396,13,6/21/2017,AM,6/24/2017,PM,6/26/2017,AM,7/2/2017,AM,7/7/2017,AM,7/10/2017,PM,7/14/2017,PM,,61,6/28/2017,,,Y,7/19/2017,AM,7/19/2017,PM,7/19/2017,PM,7/19/2017,PM,7/19/2017,PM,7/20/2017,AM,7/20/2017,AM,7/20/2017,AM,7/20/2017,AM,7/21/2017,AM,7/21/2017,AM,7/24/2017,AM
2292396,14,6/18/2017,PM,6/22/2017,PM,6/26/2017,AM,6/29/2017,PM,7/4/2017,PM,7/7/2017,PM,7/11/2017,AM,,50,6/28/2017,,,Y,7/15/2017,AM,7/19/2017,AM,7/20/2017,PM,7/20/2017,PM,7/21/2017,AM,7/22/2017,AM,7/22/2017,AM,7/22/2017,PM,7/23/2017,AM,7/23/2017,PM,7/23/2017,PM,7/24/2017,AM
2292396,15,6/18/2017,PM,6/23/2017,AM,6/26/2017,PM,6/30/2017,PM,7/4/2017,PM,7/8/2017,AM,7/12/2017,AM,,53,6/28/2017,,,Y,7/23/2017,PM,7/24/2017,AM,7/24/2017,AM,7/24/2017,AM,7/24/2017,AM,7/24/2017,AM,7/24/2017,AM,7/24/2017,PM,7/25/2017,PM,7/25/2017,PM,7/25/2017,PM,,
2292396,16,6/19/2017,AM,mother died (06/23 PM),,,,,,,,,,,,,,,,,,,,,,,,,,,,,,,,,,,,,,,,,
2292396,17,6/19/2017,PM,6/22/2017,PM,6/26/2017,AM,6/30/2017,AM,7/4/2017,AM,7/7/2017,PM,7/11/2017,AM,,22,6/28/2017,,,,,,,,,,,,,,,,,,,,,,,,,,,
2292396,18,6/18/2017,PM,6/22/2017,PM,6/26/2017,AM,6/30/2017,AM,7/4/2017,AM,7/8/2017,AM,7/11/2017,PM,,34,6/28/2017,all very developed copepodites,,,,,,,,,,,,,,,,,,,,,,,,,,
2292396,19,6/18/2017,PM,6/22/2017,PM,6/26/2017,AM,6/30/2017,AM,7/4/2017,AM,7/8/2017,AM,7/12/2017,AM,,74,6/28/2017,,,Y,7/15/2017,AM,7/19/2017,AM,7/19/2017,PM,7/20/2017,AM,7/24/2017,AM,7/24/2017,AM,7/24/2017,AM,7/24/2017,PM,7/25/2017,AM,7/25/2017,AM,7/25/2017,AM,,
2292396,20,6/21/2017,AM,6/25/2017,AM,6/28/2017,PM,7/2/2017,PM,7/6/2017,PM,7/10/2017,AM,7/15/2017,AM,,93,6/28/2017,,,Y,7/17/2017,AM,7/19/2017,PM,7/24/2017,PM,7/25/2017,AM,7/25/2017,AM,7/25/2017,AM,7/26/2017,AM,,,,,,,,,,
2292396,21,6/18/2017,PM,6/21/2017,PM,6/24/2017,PM,6/28/2017,AM,7/2/2017,AM,7/6/2017,AM,7/10/2017,AM,,51,6/28/2017,,,,,,,,,,,,,,,,,,,,,,,,,,,
2292396,22,6/19/2017,AM,6/23/2017,AM,6/27/2017,AM,7/1/2017,AM,7/5/2017,AM,7/8/2017,PM,7/12/2017,PM,,28,6/28/2017,"*very slow development, tiny nauplii barely moving",,,,,,,,,,,,,,,,,,,,,,,,,,
2292396,23,6/18/2017,PM,6/23/2017,PM,6/27/2017,AM,7/1/2017,AM,7/5/2017,AM,7/9/2017,AM,7/13/2017,AM,,4,6/28/2017,maybe not enough food,,,,,,,,,,,,,,,,,,,,,,,,,,
2292396,24,6/18/2017,PM,7/2/2017,PM,mother died (7/4),,,,,,,,,,,37,6/28/2017,very slow development,,Y,7/10/2017,PM,7/11/2017,AM,7/15/2017,PM,7/22/2017,AM,7/24/2017,AM,7/31/2017,AM,,,,,,,,,,,,
2292396,25,6/18/2017,PM,6/22/2017,PM,6/26/2017,AM,6/30/2017,PM,7/4/2017,AM,7/8/2017,AM,7/12/2017,AM,,,,,,Y,7/10/2017,AM,7/10/2017,AM,7/18/2017,AM,7/19/2017,PM,7/19/2017,PM,7/20/2017,AM,7/22/2017,AM,7/22/2017,AM,7/24/2017,AM,7/25/2017,AM,7/25/2017,AM,,
2292396,26,6/18/2017,PM,6/22/2017,PM,6/26/2017,PM,6/30/2017,PM,7/4/2017,PM,7/8/2017,AM,7/11/2017,AM,,,,,,Y,7/11/2017,PM,7/20/2017,AM,7/21/2017,AM,7/25/2017,AM,7/29/2017,AM,,,,,,,,,,,,,,
2292396,27,6/18/2017,PM,6/22/2017,PM,6/26/2017,AM,6/29/2017,PM,7/3/2017,PM,7/7/2017,PM,7/11/2017,AM,,,,,,,,,,,,,,,,,,,,,,,,,,,,,,
2292396,28,6/18/2017,PM,6/23/2017,PM,6/26/2017,PM,6/30/2017,PM,7/4/2017,PM,7/8/2017,AM,7/12/2017,AM,,,,,,,,,,,,,,,,,,,,,,,,,,,,,,
2292396,29,6/19/2017,AM,6/21/2017,AM,6/24/2017,AM,6/27/2017,PM,7/1/2017,PM,7/6/2017,AM,7/9/2017,PM,,,,,,,,,,,,,,,,,,,,,,,,,,,,,,
2292396,30,6/18/2017,PM,6/23/2017,PM,6/26/2017,PM,7/1/2017,AM,7/5/2017,AM,7/9/2017,AM,7/13/2017,AM,,,,,,,,,,,,,,,,,,,,,,,,,,,,,,
2287937,1,6/19/2017,AM,6/22/2017,AM,6/25/2017,PM,6/29/2017,PM,7/2/2017,PM,7/7/2017,AM,7/10/2017,AM,,6,6/23/2017,,,,,,,,,,,,,,,,,,,,,,,,,,,
2287937,2,6/19/2017,AM,6/21/2017,AM,6/24/2017,PM,6/28/2017,AM,7/2/2017,AM,7/5/2017,PM,7/9/2017,AM,,16,6/23/2017,copepodites seen,,,,,,,,,,,,,,,,,,,,,,,,,,
2287937,3,6/18/2017,PM,6/23/2017,PM,6/27/2017,AM,6/30/2017,PM,7/4/2017,PM,7/8/2017,AM,7/12/2017,AM,,60,6/23/2017,,,Y,7/24/2017,PM,7/26/2017,AM,7/26/2017,AM,7/27/2017,PM,7/27/2017,PM,7/28/2017,AM,,,,,,,,,,,,
2287937,4,6/20/2017,PM,6/24/2017,AM,6/28/2017,AM,7/1/2017,PM,7/5/2017,AM,7/8/2017,PM,7/12/2017,PM,,31,6/23/2017,4 dead,,Y,7/24/2017,PM,7/24/2017,PM,7/24/2017,PM,7/25/2017,AM,7/25/2017,AM,7/25/2017,AM,7/25/2017,AM,7/25/2017,PM,7/25/2017,PM,7/25/2017,PM,,,,
2287937,5,6/18/2017,PM,6/20/2017,PM,6/24/2017,PM,6/28/2017,AM,7/1/2017,PM,7/5/2017,PM,7/9/2017,AM,,,,,,,,,,,,,,,,,,,,,,,,,,,,,,
2287937,6,6/22/2017,PM,6/25/2017,PM,6/29/2017,PM,7/4/2017,AM,7/7/2017,PM,7/11/2017,AM,7/15/2017,PM,,49,6/23/2017,,,Y,7/25/2017,PM,8/2/2017,PM,8/3/2017,AM,8/3/2017,AM,8/4/2017,PM,,,,,,,,,,,,,,
2287937,7,6/19/2017,AM,6/21/2017,AM,6/27/2017,AM,7/1/2017,AM,7/5/2017,AM,7/9/2017,AM,7/12/2017,PM,,2,6/23/2017,,,,,,,,,,,,,,,,,,,,,,,,,,,
2287937,8,6/18/2017,PM,6/23/2017,AM,6/26/2017,AM,6/30/2017,AM,7/3/2017,PM,7/7/2017,AM,7/17/2017,PM,,43,6/23/2017,,,Y,7/26/2017,AM,8/3/2017,AM,8/3/2017,AM,8/4/2017,AM,8/4/2017,PM,,,,,,,,,,,,,,
2287937,9,6/20/2017,AM,6/24/2017,AM,6/27/2017,PM,7/1/2017,AM,7/4/2017,PM,7/8/2017,AM,7/12/2017,AM,,37,6/29/2017,,,Y,7/15/2017,PM,7/18/2017,AM,7/19/2017,PM,7/19/2017,PM,7/19/2017,PM,7/20/2017,AM,7/20/2017,AM,7/21/2017,AM,7/25/2017,AM,7/25/2017,AM,,,,
2287937,10,6/18/2017,PM,6/23/2017,AM,6/26/2017,PM,6/30/2017,AM,7/4/2017,AM,7/8/2017,PM,,,,51,6/29/2017,,,Y,7/13/2017,AM,7/15/2017,AM,7/19/2017,PM,7/24/2017,PM,7/25/2017,AM,,,,,,,,,,,,,,
2287937,11,6/21/2017,AM,6/24/2017,PM,6/28/2017,PM,7/2/2017,AM,7/6/2017,PM,7/10/2017,PM,,,,99,6/29/2017,,,Y,7/10/2017,AM,7/10/2017,AM,7/11/2017,AM,7/16/2017,AM,7/17/2017,AM,7/19/2017,PM,7/20/2017,AM,7/20/2017,AM,7/20/2017,PM,7/22/2017,AM,,,,
2287937,12,6/18/2017,PM,6/23/2017,AM,6/27/2017,AM,mother died (06/25 AM) before clutch_3,,,,,,,,,43,6/29/2017,,,Y,7/15/2017,AM,7/19/2017,AM,7/24/2017,PM,7/24/2017,PM,7/24/2017,PM,7/25/2017,AM,7/25/2017,PM,7/27/2017,AM,,,,,,,,
2287937,13,6/19/2017,AM,6/22/2017,PM,6/26/2017,AM,6/29/2017,PM,7/3/2017,PM,mom dead (7/3 PM),,,,,10,6/29/2017,,,,,,,,,,,,,,,,,,,,,,,,,,,
2287937,14,6/23/2017,PM,6/27/2017,AM,6/30/2017,PM,7/4/2017,PM,7/8/2017,AM,7/12/2017,AM,7/16/2017,PM,,17,6/29/2017,,,,,,,,,,,,,,,,,,,,,,,,,,,
2287937,15,6/19/2017,AM,6/22/2017,AM,6/25/2017,PM,6/29/2017,AM,7/3/2017,AM,7/7/2017,AM,7/10/2017,AM,,36,6/29/2017,,,Y,7/13/2017,PM,7/16/2017,PM,7/16/2017,PM,7/16/2017,PM,7/18/2017,AM,7/18/2017,PM,7/18/2017,PM,7/19/2017,AM,7/19/2017,PM,7/20/2017,AM,,,,
2287937,16,6/20/2017,PM,6/24/2017,AM,6/27/2017,PM,7/1/2017,PM,7/5/2017,PM,7/9/2017,AM,7/13/2017,AM,,9,6/29/2017,,,,,,,,,,,,,,,,,,,,,,,,,,,
2287937,17,6/19/2017,AM,6/22/2017,PM,6/26/2017,AM,6/30/2017,PM,7/5/2017,AM,7/10/2017,AM,7/14/2017,PM,,64,6/29/2017,,,Y,7/15/2017,PM,7/15/2017,PM,7/15/2017,PM,7/16/2017,AM,7/16/2017,AM,7/18/2017,PM,7/19/2017,AM,7/20/2017,AM,7/24/2017,PM,7/24/2017,PM,,,,
2287937,18,6/19/2017,AM,6/22/2017,PM,6/26/2017,PM,6/30/2017,AM,7/4/2017,AM,7/7/2017,PM,7/11/2017,AM,,46,6/29/2017,,,Y,7/15/2017,AM,7/15/2017,AM,7/15/2017,AM,7/18/2017,PM,7/19/2017,AM,7/24/2017,PM,7/24/2017,PM,7/24/2017,PM,7/24/2017,PM,7/25/2017,PM,,,,
2287937,19,6/22/2017,PM,7/4/2017,AM,,,,,,,,,,,,,,,,,,,,,,,,,,,,,,,,,,,,,,,,
2287937,20,6/19/2017,AM,6/23/2017,AM,6/26/2017,PM,6/30/2017,PM,7/5/2017,AM,7/8/2017,PM,7/13/2017,AM,,76,6/29/2017,,,Y,7/13/2017,AM,7/20/2017,AM,7/24/2017,PM,7/25/2017,AM,7/25/2017,PM,7/26/2017,PM,7/27/2017,PM,,,,,,,,,,
2287937,21,6/19/2017,AM,6/23/2017,PM,6/27/2017,AM,7/1/2017,AM,7/5/2017,AM,7/8/2017,PM,7/13/2017,AM,,51,6/29/2017,,,,,,,,,,,,,,,,,,,,,,,,,,,
2287937,22,6/19/2017,AM,6/23/2017,PM,6/27/2017,AM,6/30/2017,PM,7/4/2017,PM,7/8/2017,AM,7/12/2017,AM,,62,6/29/2017,,,,,,,,,,,,,,,,,,,,,,,,,,,
2287937,23,6/18/2017,PM,6/22/2017,AM,6/25/2017,PM,6/29/2017,AM,7/3/2017,AM,7/7/2017,AM,7/10/2017,PM,,55,6/29/2017,,,,,,,,,,,,,,,,,,,,,,,,,,,
2287937,24,6/20/2017,AM,6/24/2017,AM,6/27/2017,PM,7/1/2017,AM,7/5/2017,AM,7/8/2017,PM,,,,57,6/29/2017,,,,,,,,,,,,,,,,,,,,,,,,,,,
2287937,25,6/18/2017,PM,6/23/2017,AM,6/26/2017,PM,6/30/2017,PM,7/4/2017,PM,7/8/2017,AM,7/11/2017,PM,,50,6/29/2017,,,,,,,,,,,,,,,,,,,,,,,,,,,
2287937,26,6/18/2017,PM,6/23/2017,AM,6/26/2017,AM,6/30/2017,AM,7/3/2017,PM,7/7/2017,PM,7/10/2017,PM,,59,6/29/2017,,,,,,,,,,,,,,,,,,,,,,,,,,,
2287937,27,6/19/2017,PM,6/24/2017,AM,6/27/2017,AM,6/30/2017,PM,7/4/2017,PM,7/8/2017,AM,7/11/2017,PM,,48,6/29/2017,,,,,,,,,,,,,,,,,,,,,,,,,,,
2287937,28,6/20/2017,AM,6/24/2017,AM,6/27/2017,PM,7/1/2017,PM,7/5/2017,PM,7/9/2017,AM,7/13/2017,AM,,38,6/29/2017,,,,,,,,,,,,,,,,,,,,,,,,,,,
2287937,29,6/18/2017,PM,6/23/2017,AM,6/27/2017,AM,7/1/2017,AM,7/6/2017,AM,mother died (07/07),,,,,8,6/29/2017,very developed copepodites,,,,,,,,,,,,,,,,,,,,,,,,,,
2287937,30,6/18/2017,PM,6/22/2017,PM,6/26/2017,AM,6/29/2017,PM,7/3/2017,PM,7/7/2017,AM,7/10/2017,AM,,63,6/29/2017,,,,,,,,,,,,,,,,,,,,,,,,,,,
2401944,1,6/21/2017,PM,6/25/2017,AM,6/29/2017,AM,7/3/2017,AM,7/7/2017,PM,7/11/2017,AM,7/15/2017,PM,,35,6/23/2017,,,Y,7/25/2017,PM,7/26/2017,PM,7/27/2017,AM,7/30/2017,AM,,,,,,,,,,,,,,,,
2401944,2,6/24/2017,AM,6/27/2017,AM,7/1/2017,AM,7/5/2017,PM,7/9/2017,AM,7/13/2017,AM,7/18/2017,AM,,,,,,,,,,,,,,,,,,,,,,,,,,,,,,
2401944,3,6/19/2017,AM,6/23/2017,AM,6/30/2017,PM,7/5/2017,AM,7/9/2017,AM,7/12/2017,PM,7/16/2017,PM,,55,6/23/2017,copepodites seen,,Y,7/10/2017,AM,7/24/2017,PM,7/27/2017,PM,7/27/2017,PM,7/28/2017,PM,7/28/2017,PM,7/30/2017,AM,,,,,,,,,,
2401944,4,6/18/2017,PM,6/23/2017,AM,6/26/2017,PM,6/30/2017,AM,7/5/2017,PM,7/8/2017,PM,7/12/2017,PM,,50,6/23/2017,,,Y,7/17/2017,AM,7/24/2017,PM,7/25/2017,AM,7/25/2017,PM,7/27/2017,PM,,,,,,,,,,,,,,
2401944,5,6/18/2017,PM,6/23/2017,AM,6/27/2017,AM,mother died (06/24 PM) before clutch_3,,,,,,,,,44,6/23/2017,,,,,,,,,,,,,,,,,,,,,,,,,,,
2401944,6,6/22/2017,AM,6/25/2017,AM,6/29/2017,AM,7/1/2017,PM,7/3/2017,PM,7/8/2017,AM,7/11/2017,PM,,36,6/27/2017,,,Y,8/2/2017,PM,8/3/2017,AM,8/3/2017,PM,8/4/2017,AM,8/6/2017,PM,,,,,,,,,,,,,,
2401944,7,6/19/2017,AM,6/24/2017,AM,6/27/2017,PM,7/1/2017,AM,7/5/2017,AM,7/9/2017,AM,7/13/2017,AM,,24,6/27/2017,,,,,,,,,,,,,,,,,,,,,,,,,,,
2401944,8,6/19/2017,AM,6/27/2017,AM,7/2/2017,AM,7/6/2017,AM,7/9/2017,PM,7/13/2017,PM,7/18/2017,AM,,56,6/27/2017,,,Y,,,,,,,,,,,,,,,,,,,,,,,,
2401944,9,6/19/2017,AM,6/23/2017,PM,6/26/2017,PM,6/30/2017,PM,7/4/2017,AM,7/7/2017,PM,7/11/2017,AM,,46,6/27/2017,few copepodites,,Y,7/18/2017,AM,7/20/2017,AM,7/20/2017,PM,7/21/2017,AM,7/22/2017,PM,7/24/2017,AM,7/24/2017,AM,,,,,,,,,,
2401944,10,6/22/2017,AM,6/25/2017,PM,6/29/2017,PM,7/3/2017,AM,7/7/2017,AM,7/10/2017,PM,7/15/2017,AM,,50,6/27/2017,,,Y,7/10/2017,AM,7/18/2017,AM,7/18/2017,AM,7/19/2017,AM,7/21/2017,AM,7/24/2017,AM,7/25/2017,AM,7/25/2017,AM,7/26/2017,AM,7/26/2017,PM,,,,
2401944,11,6/20/2017,AM,6/24/2017,AM,6/27/2017,PM,7/1/2017,PM,7/5/2017,PM,7/9/2017,AM,7/13/2017,AM,,57,6/27/2017,,,Y,7/19/2017,AM,7/24/2017,AM,7/25/2017,AM,7/25/2017,AM,7/25/2017,AM,7/25/2017,PM,7/25/2017,PM,7/26/2017,AM,7/26/2017,AM,7/26/2017,AM,,,,
2401944,12,,,,,,,,,,,,,,,,,,,,,,,,,,,,,,,,,,,,,,,,,,,,
2401944,13,6/19/2017,AM,6/22/2017,PM,6/25/2017,PM,6/29/2017,PM,7/3/2017,AM,7/7/2017,AM,7/10/2017,PM,,8,6/27/2017,very developed copepodites; lots of food,,,,,,,,,,,,,,,,,,,,,,,,,,
2401944,14,6/21/2017,AM,mother died (06/24 PM),,,,,,,,,,,,,60,6/27/2017,,,Y,7/19/2017,PM,7/21/2017,AM,7/25/2017,AM,7/26/2017,AM,7/27/2017,AM,7/27/2017,PM,7/27/2017,PM,,,,,,,,,,
2401944,15,6/18/2017,PM,6/21/2017,AM,6/24/2017,PM,6/28/2017,AM,7/1/2017,PM,7/5/2017,PM,7/9/2017,AM,,34,6/27/2017,very developed copepodites; lots of food,,,,,,,,,,,,,,,,,,,,,,,,,,
2401944,16,6/18/2017,PM,6/22/2017,PM,6/25/2017,PM,6/29/2017,PM,7/1/2017,PM,7/3/2017,PM,7/7/2017,AM,,54,6/27/2017,,,Y,7/14/2017,AM,7/18/2017,AM,7/20/2017,AM,7/20/2017,AM,7/20/2017,AM,7/21/2017,AM,7/21/2017,AM,7/21/2017,AM,7/21/2017,PM,7/23/2017,AM,,,,
2401944,17,6/18/2017,PM,6/22/2017,AM,6/25/2017,PM,6/30/2017,AM,7/4/2017,AM,7/8/2017,AM,7/12/2017,AM,,,,,,,,,,,,,,,,,,,,,,,,,,,,,,
2401944,18,6/18/2017,PM,6/22/2017,PM,6/26/2017,PM,mother died (06/24 AM) before clutch_3,,,,,,,,,,,,,,,,,,,,,,,,,,,,,,,,,,,,,
2401944,19,6/18/2017,PM,6/22/2017,PM,6/26/2017,AM,6/29/2017,PM,7/3/2017,AM,7/7/2017,AM,7/10/2017,PM,,,,,,,,,,,,,,,,,,,,,,,,,,,,,,
2401944,20,6/19/2017,AM,mother died (06/24 PM),,,,,,,,,,,,,,,,,,,,,,,,,,,,,,,,,,,,,,,,,
2401944,21,6/19/2017,PM,6/22/2017,PM,6/26/2017,AM,6/30/2017,PM,7/4/2017,PM,7/8/2017,PM,7/12/2017,AM,,,,,,,,,,,,,,,,,,,,,,,,,,,,,,
2401944,22,6/20/2017,PM,6/28/2017,PM,7/2/2017,AM,7/6/2017,PM,7/10/2017,AM,7/14/2017,AM,7/18/2017,AM,,,,,,,,,,,,,,,,,,,,,,,,,,,,,,
2401944,23,6/19/2017,AM,6/23/2017,PM,6/26/2017,PM,6/30/2017,AM,7/4/2017,PM,7/9/2017,PM,7/13/2017,PM,,,,,,,,,,,,,,,,,,,,,,,,,,,,,,
2401944,24,6/19/2017,PM,6/23/2017,PM,6/27/2017,AM,6/30/2017,PM,7/4/2017,PM,7/8/2017,AM,7/11/2017,PM,,,,,,,,,,,,,,,,,,,,,,,,,,,,,,
2401944,25,6/19/2017,AM,6/23/2017,PM,6/27/2017,AM,7/1/2017,AM,7/4/2017,AM,7/8/2017,PM,7/12/2017,AM,,,,,,,,,,,,,,,,,,,,,,,,,,,,,,
2401944,26,,,,,,,,,,,,,,,,,,,,,,,,,,,,,,,,,,,,,,,,,,,,
2401944,27,6/19/2017,PM,6/23/2017,PM,6/27/2017,PM,7/1/2017,PM,7/5/2017,PM,7/9/2017,AM,mother died (07/11),,,86,6/28/2017,,,Y,7/24/2017,PM,7/24/2017,PM,7/24/2017,PM,7/25/2017,AM,7/25/2017,PM,,,,,,,,,,,,,,
2401944,28,6/20/2017,AM,6/24/2017,PM,6/28/2017,AM,7/1/2017,PM,7/5/2017,PM,7/9/2017,AM,7/13/2017,AM,,63,6/28/2017,,,Y,7/19/2017,AM,7/20/2017,AM,7/20/2017,AM,7/24/2017,AM,7/25/2017,AM,7/26/2017,PM,,,,,,,,,,,,
2401944,29,6/20/2017,AM,6/23/2017,PM,6/27/2017,AM,6/30/2017,PM,7/4/2017,PM,7/8/2017,AM,7/12/2017,AM,,5,6/28/2017,very developed copepodites,,,,,,,,,,,,,,,,,,,,,,,,,,
2401944,30,6/18/2017,PM,6/25/2017,PM,6/29/2017,PM,7/3/2017,PM,7/7/2017,AM,7/10/2017,PM,7/14/2017,PM,,,,,,,,,,,,,,,,,,,,,,,,,,,,,,
9742332,1,6/19/2017,AM,6/22/2017,PM,6/26/2017,AM,6/29/2017,PM,7/3/2017,PM,7/7/2017,PM,7/11/2017,AM,,9,6/24/2017,,,,,,,,,,,,,,,,,,,,,,,,,,,
9742332,2,6/18/2017,PM,6/22/2017,PM,6/25/2017,PM,6/29/2017,AM,7/2/2017,PM,7/6/2017,PM,7/10/2017,AM,,59,6/24/2017,,,,,,,,,,,,,,,,,,,,,,,,,,,
9742332,3,6/18/2017,PM,6/23/2017,AM,6/26/2017,PM,6/30/2017,PM,7/5/2017,AM,7/8/2017,PM,7/12/2017,AM,,61,6/24/2017,copepodites seen,,,,,,,,,,,,,,,,,,,,,,,,,,
9742332,4,6/18/2017,PM,6/22/2017,PM,6/25/2017,PM,6/29/2017,PM,7/3/2017,AM,7/6/2017,PM,7/10/2017,AM,,54,6/24/2017,copepodites seen,,,,,,,,,,,,,,,,,,,,,,,,,,
9742332,5,6/21/2017,AM,6/24/2017,PM,6/28/2017,AM,7/2/2017,AM,7/6/2017,PM,7/10/2017,PM,7/16/2017,AM,,71,6/24/2017,,,,,,,,,,,,,,,,,,,,,,,,,,,
9742332,6,6/19/2017,AM,6/23/2017,AM,6/26/2017,PM,7/1/2017,AM,7/5/2017,AM,7/9/2017,AM,7/13/2017,AM,,78,6/24/2017,,,Y,7/21/2017,AM,7/22/2017,PM,7/25/2017,PM,7/26/2017,AM,7/26/2017,AM,,,,,,,,,,,,,,
9742332,7,,,,,,,,,,,,,,,,,,,,,,,,,,,,,,,,,,,,,,,,,,,,
9742332,8,6/18/2017,PM,6/22/2017,AM,6/25/2017,PM,6/29/2017,PM,7/3/2017,AM,7/7/2017,AM,7/10/2017,AM,,62,6/24/2017,,,,,,,,,,,,,,,,,,,,,,,,,,,
9742332,9,6/18/2017,PM,6/23/2017,AM,6/27/2017,AM,6/30/2017,PM,7/4/2017,PM,7/8/2017,AM,7/11/2017,PM,,58,6/24/2017,,,,,,,,,,,,,,,,,,,,,,,,,,,
9742332,10,6/25/2017,AM,6/27/2017,AM,6/30/2017,PM,7/4/2017,AM,7/8/2017,AM,7/11/2017,AM,7/15/2017,PM,,,,,,,,,,,,,,,,,,,,,,,,,,,,,,
9742332,11,6/18/2017,PM,6/22/2017,AM,6/25/2017,PM,6/29/2017,AM,7/2/2017,PM,7/6/2017,PM,7/9/2017,PM,,11,6/27/2017,maybe not enough food?,,,,,,,,,,,,,,,,,,,,,,,,,,
9742332,12,6/18/2017,PM,6/22/2017,PM,6/26/2017,AM,7/4/2017,AM,7/8/2017,AM,7/12/2017,AM,7/16/2017,PM,,48,6/27/2017,"looks like enough food but not many individuals—also no copepodites, very slow development",,,,,,,,,,,,,,,,,,,,,,,,,,
9742332,13,6/18/2017,PM,6/23/2017,AM,7/7/2017,PM,7/14/2017,AM,7/19/2017,AM,7/22/2017,AM,7/24/2017,AM,,46,6/27/2017,"looks like enough food but not many individuals—also no copepodites, very slow development",,Y,7/21/2017,AM,7/24/2017,AM,7/25/2017,PM,,,,,,,,,,,,,,,,,,
9742332,14,6/18/2017,PM,6/23/2017,AM,6/26/2017,AM,7/1/2017,AM,7/5/2017,AM,7/8/2017,PM,7/12/2017,PM,,56,6/27/2017,all copepodites,,Y,7/22/2017,AM,7/24/2017,PM,7/25/2017,PM,7/26/2017,AM,7/26/2017,AM,7/26/2017,AM,,,,,,,,,,,,
9742332,15,6/19/2017,AM,6/22/2017,PM,6/26/2017,AM,6/29/2017,PM,7/3/2017,PM,7/7/2017,PM,7/11/2017,AM,,3,6/27/2017,lots of food but not many individuals; all copepodites,,,,,,,,,,,,,,,,,,,,,,,,,,
9742332,16,mother lost,,,,,,,,,,,,,,,,,,,,,,,,,,,,,,,,,,,,,,,,,,,
9742332,17,6/19/2017,AM,6/23/2017,AM,6/26/2017,AM,6/30/2017,AM,7/3/2017,PM,7/7/2017,AM,7/10/2017,PM,,38,6/27/2017,some copepodites,,,,,,,,,,,,,,,,,,,,,,,,,,
9742332,18,6/18/2017,PM,6/23/2017,AM,6/26/2017,AM,6/29/2017,PM,7/4/2017,PM,7/7/2017,PM,7/11/2017,AM,,26,6/27/2017,all copepodites,,,,,,,,,,,,,,,,,,,,,,,,,,
9742332,19,6/18/2017,PM,6/23/2017,AM,6/26/2017,AM,6/30/2017,PM,7/4/2017,PM,7/8/2017,AM,7/12/2017,AM,,40,6/27/2017,all copepodites,,Y,7/19/2017,AM,7/20/2017,PM,7/21/2017,AM,7/21/2017,AM,7/21/2017,AM,7/21/2017,PM,7/23/2017,AM,7/23/2017,PM,7/23/2017,PM,7/24/2017,AM,7/24/2017,PM,7/24/2017,PM
9742332,20,6/18/2017,PM,6/23/2017,PM,6/27/2017,AM,6/30/2017,PM,7/5/2017,AM,7/8/2017,PM,7/12/2017,PM,,28,6/27/2017,"no copepodites, very slow development",,Y,7/11/2017,PM,8/2/2017,PM,8/3/2017,AM,8/3/2017,PM,8/3/2017,PM,8/4/2017,PM,8/4/2017,PM,8/4/2017,PM,,,,,,,,
9742332,21,6/19/2017,AM,6/22/2017,AM,6/25/2017,PM,6/29/2017,PM,7/3/2017,AM,7/7/2017,AM,7/10/2017,AM,,19,6/27/2017,,,,,,,,,,,,,,,,,,,,,,,,,,,
9742332,22,6/18/2017,PM,mother lost?,,,,,,,,,,,,,80,6/27/2017,"all copepodites, not noticeably more food than above reps with fewer individuals",,Y,7/14/2017,PM,7/26/2017,AM,8/3/2017,AM,8/4/2017,AM,8/5/2017,PM,,,,,,,,,,,,,,
9742332,23,6/18/2017,PM,6/22/2017,AM,6/25/2017,PM,6/29/2017,AM,7/2/2017,PM,7/7/2017,AM,7/10/2017,PM,,76,6/27/2017,all copepodites,,Y,7/18/2017,PM,7/18/2017,PM,7/19/2017,AM,7/19/2017,PM,7/20/2017,AM,7/20/2017,AM,7/20/2017,PM,7/20/2017,PM,7/21/2017,AM,7/21/2017,AM,7/24/2017,AM,,
9742332,24,6/19/2017,AM,6/23/2017,PM,6/27/2017,AM,6/30/2017,PM,7/5/2017,PM,7/8/2017,PM,7/12/2017,AM,,64,6/27/2017,,,Y,7/15/2017,AM,7/19/2017,PM,7/20/2017,PM,7/23/2017,PM,7/24/2017,PM,7/25/2017,AM,7/26/2017,AM,7/26/2017,AM,7/26/2017,PM,7/28/2017,AM,,,,
9742332,25,6/18/2017,PM,6/23/2017,AM,6/26/2017,AM,6/30/2017,AM,7/9/2017,AM,7/15/2017,AM,7/21/2017,AM,,85,6/27/2017,,,Y,7/22/2017,AM,7/26/2017,AM,7/26/2017,PM,7/27/2017,PM,7/28/2017,AM,,,,,,,,,,,,,,
9742332,26,6/18/2017,PM,6/22/2017,PM,6/25/2017,PM,6/29/2017,AM,7/3/2017,AM,7/7/2017,PM,7/11/2017,AM,,66,6/27/2017,,,Y,7/24/2017,PM,7/24/2017,PM,7/24/2017,PM,7/24/2017,PM,7/24/2017,PM,7/25/2017,AM,7/25/2017,PM,,,,,,,,,,
9742332,27,6/19/2017,AM,6/22/2017,PM,6/26/2017,AM,6/29/2017,PM,7/7/2017,PM,7/11/2017,AM,7/15/2017,AM,,,,,,Y,7/25/2017,AM,7/25/2017,AM,7/25/2017,AM,7/25/2017,PM,7/25/2017,PM,7/25/2017,PM,7/26/2017,AM,7/27/2017,AM,7/27/2017,AM,7/28/2017,PM,,,,
9742332,28,6/20/2017,AM,6/24/2017,AM,6/27/2017,PM,7/1/2017,AM,7/5/2017,AM,7/9/2017,AM,7/13/2017,AM,,,,,,,,,,,,,,,,,,,,,,,,,,,,,,
9742332,29,6/21/2017,AM,mother lost (06/23 AM),,,,,,,,,,,,,,,,,,,,,,,,,,,,,,,,,,,,,,,,,
9742332,30,6/19/2017,PM,6/23/2017,PM,6/27/2017,PM,7/1/2017,PM,7/5/2017,PM,7/9/2017,PM,7/14/2017,AM,,,,,,Y,7/22/2017,AM,7/25/2017,AM,7/25/2017,AM,8/3/2017,AM,8/3/2017,AM,8/5/2017,AM,8/5/2017,AM,,,,,,,,,,
9742335,1,,,,,,,,,,,,,,,,,,,,,,,,,,,,,,,,,,,,,,,,,,,,
9742335,2,6/19/2017,AM,6/23/2017,AM,6/26/2017,PM,6/30/2017,PM,7/4/2017,PM,7/8/2017,AM,7/11/2017,AM,,5,6/25/2017,all copepodites,,,,,,,,,,,,,,,,,,,,,,,,,,
9742335,3,6/19/2017,AM,6/23/2017,PM,6/27/2017,AM,7/1/2017,AM,7/5/2017,AM,7/8/2017,PM,7/12/2017,AM,,41,6/25/2017,copepodites seen,,Y,7/11/2017,AM,7/21/2017,PM,7/23/2017,AM,7/24/2017,PM,7/25/2017,AM,7/25/2017,AM,7/25/2017,PM,7/25/2017,PM,7/26/2017,AM,,,,,,
9742335,4,6/22/2017,PM,6/24/2017,PM,6/28/2017,PM,7/2/2017,PM,7/6/2017,AM,7/9/2017,AM,7/13/2017,AM,,42,6/25/2017,copepodites seen,,Y,7/15/2017,AM,7/21/2017,AM,7/21/2017,PM,7/21/2017,PM,7/22/2017,AM,7/23/2017,AM,7/23/2017,AM,7/24/2017,AM,7/24/2017,AM,7/26/2017,AM,,,,
9742335,5,6/21/2017,AM,6/24/2017,PM,6/28/2017,AM,7/2/2017,AM,7/6/2017,AM,7/10/2017,AM,7/15/2017,PM,,70,6/25/2017,,,Y,7/25/2017,AM,7/26/2017,AM,7/26/2017,AM,7/26/2017,AM,7/26/2017,PM,7/27/2017,AM,7/27/2017,AM,7/27/2017,PM,,,,,,,,
9742335,6,6/20/2017,AM,6/24/2017,AM,6/28/2017,AM,7/2/2017,AM,7/6/2017,AM,7/10/2017,AM,7/15/2017,AM,,63,6/25/2017,,,Y,7/19/2017,PM,7/19/2017,PM,7/20/2017,PM,7/21/2017,AM,7/24/2017,PM,7/25/2017,AM,7/26/2017,AM,,,,,,,,,,
9742335,7,6/22/2017,AM,6/26/2017,PM,7/2/2017,PM,7/7/2017,PM,7/11/2017,AM,7/15/2017,PM,7/20/2017,AM,,21,6/25/2017,lots of food but no copepodites,,,,,,,,,,,,,,,,,,,,,,,,,,
9742335,8,6/19/2017,PM,6/23/2017,PM,6/27/2017,AM,7/1/2017,PM,7/6/2017,AM,7/9/2017,PM,7/14/2017,AM,,56,6/25/2017,,,Y,7/25/2017,PM,7/25/2017,PM,7/26/2017,AM,7/26/2017,PM,7/26/2017,PM,7/27/2017,AM,7/27/2017,AM,,,,,,,,,,
9742335,9,6/23/2017,PM,6/25/2017,PM,6/29/2017,PM,7/3/2017,AM,7/7/2017,AM,7/10/2017,PM,7/15/2017,AM,,,,,,,,,,,,,,,,,,,,,,,,,,,,,,
9742335,10,6/19/2017,AM,6/23/2017,AM,6/26/2017,PM,7/1/2017,AM,7/5/2017,AM,7/8/2017,PM,7/12/2017,AM,,44,6/25/2017,,,Y,7/25/2017,AM,7/25/2017,AM,7/25/2017,PM,7/25/2017,PM,7/26/2017,AM,7/26/2017,PM,7/26/2017,PM,7/26/2017,PM,7/26/2017,PM,7/26/2017,PM,,,,
9742335,11,6/18/2017,PM,6/20/2017,PM,6/24/2017,AM,6/27/2017,PM,7/1/2017,PM,7/5/2017,PM,mother lost (07/05),,,,,,,,,,,,,,,,,,,,,,,,,,,,,,,
9742335,12,6/19/2017,AM,6/22/2017,PM,6/26/2017,AM,6/30/2017,AM,7/4/2017,AM,7/8/2017,PM,7/12/2017,PM,,23,6/25/2017,,,,,,,,,,,,,,,,,,,,,,,,,,,
9742335,13,6/19/2017,AM,6/23/2017,PM,6/27/2017,AM,7/1/2017,AM,7/5/2017,AM,7/8/2017,PM,7/12/2017,PM,,34,6/25/2017,,,Y,7/19/2017,AM,7/24/2017,PM,7/25/2017,AM,7/25/2017,PM,7/26/2017,AM,7/26/2017,AM,7/26/2017,PM,7/27/2017,AM,7/27/2017,AM,,,,,,
9742335,14,6/23/2017,AM,6/26/2017,AM,6/30/2017,AM,7/4/2017,PM,7/9/2017,AM,7/12/2017,PM,7/17/2017,PM,,,,,,,,,,,,,,,,,,,,,,,,,,,,,,
9742335,15,6/18/2017,PM,6/23/2017,AM,6/26/2017,AM,6/30/2017,AM,7/4/2017,AM,7/8/2017,AM,7/12/2017,AM,,49,6/25/2017,no copepodites,,Y,7/21/2017,AM,7/21/2017,AM,7/21/2017,AM,7/25/2017,AM,7/25/2017,AM,7/25/2017,PM,7/26/2017,AM,7/27/2017,AM,,,,,,,,
9742335,16,6/19/2017,AM,6/22/2017,PM,6/26/2017,AM,6/30/2017,AM,7/4/2017,AM,7/8/2017,AM,7/11/2017,AM,,26,6/25/2017,all copepodites,,,,,,,,,,,,,,,,,,,,,,,,,,
9742335,17,6/18/2017,PM,6/23/2017,AM,6/26/2017,PM,6/30/2017,PM,7/4/2017,AM,7/8/2017,AM,7/11/2017,AM,,39,6/25/2017,all copepodites,,Y,7/25/2017,PM,7/26/2017,AM,7/27/2017,PM,8/3/2017,AM,8/3/2017,AM,8/3/2017,PM,8/3/2017,PM,8/3/2017,PM,8/3/2017,PM,8/3/2017,PM,,,,
9742335,18,6/18/2017,PM,6/23/2017,AM,6/26/2017,PM,6/30/2017,PM,7/5/2017,AM,7/8/2017,PM,7/12/2017,AM,,36,6/25/2017,all copepodites,,,,,,,,,,,,,,,,,,,,,,,,,,
9742335,19,6/18/2017,PM,6/23/2017,PM,6/26/2017,PM,6/30/2017,PM,7/4/2017,PM,7/8/2017,AM,7/12/2017,AM,,65,6/28/2017,very developed copepodites,,,,,,,,,,,,,,,,,,,,,,,,,,
9742335,20,6/18/2017,PM,6/22/2017,AM,6/25/2017,PM,6/30/2017,AM,7/3/2017,PM,7/7/2017,PM,7/11/2017,AM,,80,6/28/2017,very developed copepodites,,Y,7/14/2017,PM,7/17/2017,AM,7/24/2017,AM,7/24/2017,PM,7/24/2017,PM,7/24/2017,PM,7/25/2017,AM,7/25/2017,AM,7/26/2017,PM,7/27/2017,AM,,,,
9742335,21,6/21/2017,PM,6/25/2017,AM,6/28/2017,PM,7/2/2017,PM,7/6/2017,AM,7/9/2017,PM,7/13/2017,PM,,52,6/28/2017,,,Y,7/19/2017,AM,7/24/2017,PM,7/25/2017,AM,7/25/2017,AM,7/26/2017,AM,7/28/2017,AM,,,,,,,,,,,,
9742335,22,6/18/2017,PM,6/22/2017,AM,6/25/2017,PM,6/30/2017,AM,7/3/2017,PM,7/8/2017,AM,7/11/2017,PM,,60,6/28/2017,,,Y,7/19/2017,AM,7/24/2017,PM,7/25/2017,AM,7/25/2017,AM,7/26/2017,AM,7/26/2017,PM,7/27/2017,AM,,,,,,,,,,
9742335,23,6/18/2017,PM,6/21/2017,PM,6/23/2017,PM,6/25/2017,AM,6/29/2017,AM,7/3/2017,AM,7/6/2017,AM,,59,6/28/2017,,,,,,,,,,,,,,,,,,,,,,,,,,,
9742335,24,6/18/2017,PM,6/21/2017,PM,6/25/2017,AM,6/28/2017,PM,7/3/2017,AM,7/7/2017,PM,7/11/2017,AM,,70,6/28/2017,,,,,,,,,,,,,,,,,,,,,,,,,,,
9742335,25,6/18/2017,PM,6/22/2017,PM,6/26/2017,AM,6/30/2017,AM,7/4/2017,AM,7/8/2017,AM,7/11/2017,PM,,36,6/28/2017,very slow development (small),,,,,,,,,,,,,,,,,,,,,,,,,,
9742335,26,6/18/2017,PM,6/23/2017,PM,6/25/2017,AM,7/3/2017,AM,7/8/2017,AM,7/11/2017,PM,7/16/2017,AM,,64,6/28/2017,,,,,,,,,,,,,,,,,,,,,,,,,,,
9742335,27,6/18/2017,PM,6/21/2017,PM,6/25/2017,AM,6/29/2017,AM,7/2/2017,PM,7/7/2017,PM,7/11/2017,AM,,54,6/28/2017,,,,,,,,,,,,,,,,,,,,,,,,,,,
9742335,28,6/19/2017,AM,6/22/2017,PM,6/26/2017,AM,6/29/2017,PM,7/3/2017,AM,7/7/2017,PM,7/11/2017,PM,,56,6/28/2017,,,,,,,,,,,,,,,,,,,,,,,,,,,
9742335,29,6/18/2017,PM,6/22/2017,AM,6/25/2017,PM,6/29/2017,PM,7/3/2017,PM,7/8/2017,AM,7/11/2017,PM,,59,6/28/2017,,,,,,,,,,,,,,,,,,,,,,,,,,,
9742335,30,6/21/2017,PM,6/25/2017,PM,6/28/2017,PM,7/2/2017,PM,7/7/2017,AM,7/10/2017,PM,7/15/2017,AM,,55,6/28/2017,,,,,,,,,,,,,,,,,,,,,,,,,,,
2276206,1,mother lost,,,,,,,,,,,,,,,,,,,,,,,,,,,,,,,,,,,,,,,,,,,
2276206,2,6/21/2017,PM,6/25/2017,AM,6/29/2017,AM,7/3/2017,PM,7/7/2017,PM,7/11/2017,AM,7/17/2017,AM,,,,,,Y,7/19/2017,AM,7/19/2017,AM,7/21/2017,AM,7/22/2017,AM,7/24/2017,AM,7/27/2017,PM,7/28/2017,AM,7/28/2017,PM,,,,,,,,
2276206,3,6/21/2017,PM,6/25/2017,AM,6/28/2017,PM,7/2/2017,PM,7/7/2017,AM,7/10/2017,PM,7/14/2017,PM,,,,,,Y,8/1/2017,PM,8/2/2017,PM,8/3/2017,AM,8/3/2017,PM,8/3/2017,PM,8/4/2017,PM,8/4/2017,PM,,,,,,,,,,
2276206,4,6/20/2017,AM,6/23/2017,PM,6/26/2017,PM,6/30/2017,PM,7/5/2017,AM,7/8/2017,PM,7/12/2017,PM,,,,,,Y,7/21/2017,AM,7/21/2017,PM,7/22/2017,AM,7/24/2017,AM,7/24/2017,PM,7/24/2017,PM,7/24/2017,PM,7/24/2017,PM,7/25/2017,PM,7/25/2017,PM,,,,
2276206,5,6/19/2017,AM,6/23/2017,PM,6/26/2017,AM,7/1/2017,AM,7/5/2017,PM,7/9/2017,AM,7/13/2017,AM,,,,,,,,,,,,,,,,,,,,,,,,,,,,,,
2276206,6,6/19/2017,PM,6/23/2017,PM,6/26/2017,PM,6/30/2017,AM,7/5/2017,AM,7/9/2017,PM,7/13/2017,PM,,,,,,,,,,,,,,,,,,,,,,,,,,,,,,
2276206,7,6/21/2017,PM,6/25/2017,AM,6/28/2017,PM,7/3/2017,AM,7/7/2017,AM,7/10/2017,PM,7/14/2017,PM,,,,,,Y,7/20/2017,PM,7/21/2017,AM,7/22/2017,AM,7/24/2017,PM,7/24/2017,PM,7/24/2017,PM,7/25/2017,AM,7/25/2017,AM,7/25/2017,AM,7/25/2017,PM,,,,
2276206,8,6/22/2017,AM,6/25/2017,PM,6/30/2017,AM,7/3/2017,PM,7/7/2017,PM,7/10/2017,PM,mother died (07/12),,,,,,,Y,7/13/2017,PM,7/28/2017,AM,8/3/2017,AM,8/3/2017,PM,8/3/2017,PM,,,,,,,,,,,,,,
2276206,9,6/18/2017,PM,6/22/2017,PM,6/25/2017,AM,6/29/2017,AM,7/3/2017,PM,7/7/2017,AM,7/10/2017,PM,,9,6/25/2017,*not enough food?; copepodites seen,,,,,,,,,,,,,,,,,,,,,,,,,,
2276206,10,6/18/2017,PM,6/23/2017,AM,6/26/2017,AM,6/30/2017,AM,7/5/2017,AM,7/9/2017,AM,7/13/2017,PM,,11,6/25/2017,*not enough food?; copepodites seen,,,,,,,,,,,,,,,,,,,,,,,,,,
2276206,11,6/18/2017,PM,6/22/2017,AM,6/25/2017,PM,6/29/2017,PM,7/3/2017,PM,7/7/2017,PM,7/11/2017,AM,,82,6/25/2017,all copepodites,,Y,7/24/2017,PM,7/25/2017,AM,7/25/2017,AM,7/25/2017,AM,7/25/2017,AM,7/25/2017,AM,7/26/2017,AM,7/26/2017,AM,7/26/2017,AM,7/26/2017,AM,,,,
2276206,12,6/18/2017,PM,6/21/2017,PM,6/25/2017,AM,6/28/2017,PM,7/3/2017,AM,7/7/2017,PM,7/11/2017,AM,,31,6/25/2017,lots of food but not as many individuals so maybe disregard above; all copepodites,,Y,7/14/2017,AM,7/16/2017,AM,7/18/2017,PM,,,,,,,,,,,,,,,,,,
2276206,13,6/18/2017,PM,6/23/2017,AM,6/26/2017,PM,6/30/2017,PM,7/5/2017,AM,7/8/2017,PM,7/12/2017,AM,,62,6/25/2017,no copepodites—,,Y,7/15/2017,AM,7/16/2017,PM,7/20/2017,PM,7/22/2017,AM,7/24/2017,AM,7/24/2017,PM,7/24/2017,PM,7/25/2017,AM,7/25/2017,AM,7/25/2017,AM,,,,
2276206,14,6/18/2017,PM,6/25/2017,PM,6/29/2017,PM,7/3/2017,PM,7/7/2017,PM,7/10/2017,PM,7/15/2017,AM,,70,6/28/2017,,,Y,7/13/2017,PM,7/20/2017,AM,7/24/2017,AM,7/24/2017,PM,7/24/2017,PM,7/29/2017,PM,,,,,,,,,,,,
2276206,15,6/19/2017,PM,6/21/2017,PM,6/25/2017,AM,6/28/2017,PM,7/2/2017,PM,7/7/2017,AM,7/10/2017,PM,,7,6/28/2017,,,,,,,,,,,,,,,,,,,,,,,,,,,
2276206,16,6/18/2017,PM,mother died (06/23 PM),,,,,,,,,,,,,10,6/28/2017,,,,,,,,,,,,,,,,,,,,,,,,,,,
2276206,17,6/26/2017,AM,6/30/2017,AM,7/4/2017,PM,7/8/2017,PM,7/12/2017,AM,7/16/2017,PM,7/21/2017,AM,,,,,,,,,,,,,,,,,,,,,,,,,,,,,,
2276206,18,6/24/2017,PM,7/1/2017,AM,7/6/2017,PM,7/10/2017,AM,7/14/2017,PM,7/19/2017,AM,7/24/2017,AM,,,,,,Y,7/23/2017,AM,7/24/2017,PM,7/24/2017,PM,7/25/2017,AM,7/25/2017,AM,7/25/2017,AM,7/25/2017,AM,7/26/2017,AM,7/26/2017,AM,7/27/2017,AM,,,,
2276206,19,6/26/2017,AM,7/1/2017,AM,7/7/2017,AM,7/15/2017,AM,7/22/2017,AM,7/27/2017,AM,7/31/2017,AM,,,,,,Y,8/4/2017,AM,,,,,,,,,,,,,,,,,,,,,,
2276206,20,6/24/2017,PM,6/29/2017,PM,7/3/2017,PM,7/7/2017,PM,7/10/2017,PM,7/15/2017,AM,7/19/2017,AM,,,,,,Y,7/24/2017,PM,7/24/2017,PM,7/24/2017,PM,7/25/2017,AM,7/25/2017,AM,7/25/2017,PM,7/25/2017,PM,7/26/2017,AM,7/29/2017,PM,,,,,,
2276206,21,6/23/2017,PM,6/28/2017,PM,7/2/2017,PM,7/6/2017,PM,7/10/2017,AM,7/13/2017,PM,7/18/2017,AM,,,,,,,,,,,,,,,,,,,,,,,,,,,,,,
2276206,22,6/24/2017,AM,6/30/2017,PM,7/4/2017,PM,7/8/2017,AM,7/12/2017,AM,7/16/2017,PM,7/21/2017,AM,,,,,,,,,,,,,,,,,,,,,,,,,,,,,,
2276206,23,6/23/2017,PM,6/30/2017,AM,7/5/2017,PM,7/9/2017,PM,7/13/2017,AM,7/17/2017,PM,7/21/2017,PM,,,,,,,,,,,,,,,,,,,,,,,,,,,,,,
2276206,24,6/26/2017,AM,6/30/2017,PM,7/5/2017,AM,7/8/2017,PM,7/12/2017,PM,7/16/2017,PM,7/21/2017,AM,,,,,,,,,,,,,,,,,,,,,,,,,,,,,,
2276206,25,6/24/2017,AM,6/29/2017,PM,7/3/2017,PM,7/8/2017,AM,7/11/2017,PM,7/16/2017,AM,7/20/2017,AM,,,,,,,,,,,,,,,,,,,,,,,,,,,,,,
2276206,26,6/23/2017,PM,6/29/2017,PM,7/3/2017,PM,7/8/2017,AM,7/12/2017,AM,7/16/2017,PM,7/20/2017,PM,,,,,,,,,,,,,,,,,,,,,,,,,,,,,,
2276206,27,6/24/2017,AM,6/29/2017,AM,7/3/2017,AM,7/7/2017,PM,7/11/2017,PM,7/16/2017,AM,7/20/2017,AM,,,,,,,,,,,,,,,,,,,,,,,,,,,,,,
2276206,28,6/24/2017,AM,6/26/2017,PM,7/2/2017,AM,7/6/2017,AM,7/9/2017,PM,7/13/2017,AM,7/17/2017,PM,,,,,,,,,,,,,,,,,,,,,,,,,,,,,,
2276206,29,6/24/2017,AM,6/26/2017,PM,6/30/2017,PM,7/4/2017,AM,7/8/2017,AM,7/11/2017,PM,7/16/2017,AM,,,,,,,,,,,,,,,,,,,,,,,,,,,,,,
2276206,30,6/24/2017,PM,6/29/2017,AM,7/2/2017,PM,7/7/2017,PM,7/11/2017,AM,7/15/2017,PM,7/19/2017,PM,,,,,,,,,,,,,,,,,,,,,,,,,,,,,,
2287954,1,6/20/2017,PM,mother lost?,,,,,,,,,,,,,3,6/27/2017,,,,,,,,,,,,,,,,,,,,,,,,,,,
2287954,2,6/18/2017,PM,6/22/2017,PM,6/27/2017,AM,mother died (06/25 AM) before clutch_3,,,,,,,,,36,6/27/2017,,,Y,7/14/2017,AM,7/20/2017,AM,7/25/2017,AM,7/25/2017,AM,7/27/2017,PM,7/27/2017,PM,7/28/2017,AM,7/28/2017,AM,7/28/2017,AM,7/28/2017,AM,,,,
2287954,3,6/19/2017,AM,6/23/2017,AM,6/27/2017,AM,7/1/2017,AM,7/5/2017,PM,7/10/2017,PM,7/15/2017,PM,,30,6/27/2017,,,Y,7/19/2017,PM,7/25/2017,AM,7/25/2017,AM,7/25/2017,AM,7/25/2017,AM,7/26/2017,AM,7/27/2017,AM,7/27/2017,PM,,,,,,,,
2287954,4,6/24/2017,AM,6/26/2017,PM,7/1/2017,PM,7/6/2017,PM,7/11/2017,AM,7/17/2017,PM,,,,,,,,Y,7/19/2017,AM,7/19/2017,PM,7/22/2017,PM,7/26/2017,AM,7/28/2017,AM,,,,,,,,,,,,,,
2287954,5,mother died,,,,,,,,,,,,,,,,,,,,,,,,,,,,,,,,,,,,,,,,,,,
2287954,6,6/23/2017,PM,6/27/2017,AM,mother died (06/24 PM) before clutch_2,,,,,,,,,,,88,6/27/2017,"no copepodites, very slow development",,Y,7/25/2017,AM,7/27/2017,PM,7/27/2017,PM,7/28/2017,AM,7/28/2017,PM,7/30/2017,AM,8/5/2017,PM,,,,,,,,,,
2287954,7,6/20/2017,AM,6/24/2017,PM,6/28/2017,PM,7/4/2017,AM,mother died (07/06),,,,,,,66,6/27/2017,,,Y,7/19/2017,PM,7/27/2017,PM,8/2/2017,AM,8/2/2017,AM,8/2/2017,AM,8/5/2017,AM,8/5/2017,AM,8/5/2017,AM,,,,,,,,
2287954,8,6/20/2017,AM,6/24/2017,PM,6/28/2017,PM,7/2/2017,AM,7/6/2017,AM,7/9/2017,PM,7/14/2017,AM,,72,6/27/2017,,,Y,7/24/2017,PM,7/25/2017,AM,7/27/2017,AM,7/28/2017,AM,7/28/2017,AM,7/28/2017,AM,7/28/2017,AM,7/28/2017,AM,7/28/2017,AM,,,,,,
2287954,9,6/20/2017,AM,6/26/2017,AM,7/2/2017,AM,7/7/2017,PM,7/11/2017,PM,7/16/2017,AM,mother died before clutch_6,,,,,,,Y,7/27/2017,AM,7/28/2017,AM,7/28/2017,AM,7/31/2017,PM,7/31/2017,PM,8/5/2017,AM,8/5/2017,AM,8/5/2017,AM,,,,,,,,
2287954,10,,,,,,,,,,,,,,,,,,,,,,,,,,,,,,,,,,,,,,,,,,,,
2287954,11,6/21/2017,AM,6/25/2017,PM,6/30/2017,AM,7/3/2017,PM,7/7/2017,PM,7/11/2017,AM,7/15/2017,AM,,69,6/27/2017,,,Y,7/20/2017,AM,7/27/2017,AM,7/27/2017,PM,7/27/2017,PM,7/27/2017,PM,7/28/2017,AM,7/29/2017,PM,7/29/2017,PM,,,,,,,,
2287954,12,6/20/2017,AM,mother died (06/24 PM),,,,,,,,,,,,,,,,,Y,7/25/2017,AM,7/26/2017,AM,7/27/2017,PM,7/28/2017,AM,7/28/2017,PM,7/28/2017,PM,7/28/2017,PM,7/29/2017,PM,7/29/2017,PM,,,,,,
2287954,13,6/20/2017,AM,6/26/2017,AM,7/2/2017,PM,7/9/2017,PM,7/16/2017,AM,7/23/2017,AM,7/28/2017,AM,,,,,,Y,7/24/2017,AM,8/2/2017,PM,8/3/2017,AM,8/3/2017,AM,8/3/2017,PM,8/3/2017,PM,8/3/2017,PM,,,,,,,,,,
2287954,14,,,,,,,,,,,,,,,,,,,,,,,,,,,,,,,,,,,,,,,,,,,,
2287954,15,,,,,,,,,,,,,,,,,,,,,,,,,,,,,,,,,,,,,,,,,,,,
2287954,16,,,,,,,,,,,,,,,,,,,,,,,,,,,,,,,,,,,,,,,,,,,,
2287954,17,,,,,,,,,,,,,,,,,,,,,,,,,,,,,,,,,,,,,,,,,,,,
2287954,18,,,,,,,,,,,,,,,,,,,,,,,,,,,,,,,,,,,,,,,,,,,,
2287954,19,,,,,,,,,,,,,,,,,,,,,,,,,,,,,,,,,,,,,,,,,,,,
2287954,20,,,,,,,,,,,,,,,,,,,,,,,,,,,,,,,,,,,,,,,,,,,,
2287954,21,,,,,,,,,,,,,,,,,,,,,,,,,,,,,,,,,,,,,,,,,,,,
2287954,22,,,,,,,,,,,,,,,,,,,,,,,,,,,,,,,,,,,,,,,,,,,,
2287954,23,,,,,,,,,,,,,,,,,,,,,,,,,,,,,,,,,,,,,,,,,,,,
2287954,24,,,,,,,,,,,,,,,,,,,,,,,,,,,,,,,,,,,,,,,,,,,,
2287954,25,,,,,,,,,,,,,,,,,,,,,,,,,,,,,,,,,,,,,,,,,,,,
2287954,26,,,,,,,,,,,,,,,,,,,,,,,,,,,,,,,,,,,,,,,,,,,,
2287954,27,,,,,,,,,,,,,,,,,,,,,,,,,,,,,,,,,,,,,,,,,,,,
2287954,28,,,,,,,,,,,,,,,,,,,,,,,,,,,,,,,,,,,,,,,,,,,,
2287954,29,,,,,,,,,,,,,,,,,,,,,,,,,,,,,,,,,,,,,,,,,,,,
2287954,30,,,,,,,,,,,,,,,,,,,,,,,,,,,,,,,,,,,,,,,,,,,,
2278765,1,6/23/2017,AM,6/26/2017,AM,6/29/2017,PM,7/3/2017,PM,7/7/2017,AM,7/10/2017,PM,7/15/2017,AM,,,,,,Y,7/24/2017,PM,7/25/2017,AM,7/25/2017,PM,7/27/2017,PM,7/27/2017,PM,8/4/2017,PM,,,,,,,,,,,,
2278765,2,6/19/2017,PM,6/25/2017,PM,6/28/2017,AM,7/1/2017,AM,7/5/2017,AM,7/9/2017,AM,7/13/2017,AM,,60,6/24/2017,,,Y,7/21/2017,AM,7/22/2017,AM,7/24/2017,PM,7/25/2017,PM,7/26/2017,AM,7/26/2017,AM,7/26/2017,AM,7/26/2017,PM,7/27/2017,AM,7/27/2017,PM,,,,
2278765,3,6/19/2017,AM,6/25/2017,PM,7/2/2017,PM,7/7/2017,AM,7/10/2017,PM,7/15/2017,PM,7/20/2017,AM,,26,6/24/2017,,,,,,,,,,,,,,,,,,,,,,,,,,,
2278765,4,6/19/2017,PM,6/25/2017,PM,6/30/2017,PM,7/3/2017,PM,7/7/2017,AM,7/10/2017,PM,7/15/2017,AM,,21,6/24/2017,,,,,,,,,,,,,,,,,,,,,,,,,,,
2278765,5,6/21/2017,PM,6/25/2017,PM,6/29/2017,PM,7/3/2017,AM,7/8/2017,AM,7/11/2017,PM,7/16/2017,AM,,43,6/24/2017,,,Y,7/25/2017,AM,7/25/2017,PM,7/27/2017,AM,7/28/2017,AM,8/3/2017,PM,8/3/2017,PM,,,,,,,,,,,,
2278765,6,6/19/2017,AM,6/25/2017,PM,6/27/2017,AM,mother died (06/26 PM) ,,,,,,,,,31,6/24/2017,,,Y,7/20/2017,PM,7/21/2017,AM,7/21/2017,AM,7/21/2017,PM,7/22/2017,AM,7/22/2017,PM,7/22/2017,PM,7/23/2017,AM,7/25/2017,AM,,,,,,
2278765,7,6/18/2017,PM,6/22/2017,PM,6/26/2017,AM,6/29/2017,PM,7/8/2017,AM,7/11/2017,PM,7/16/2017,AM,,65,6/24/2017,,,Y,7/24/2017,PM,7/25/2017,AM,7/25/2017,AM,7/25/2017,PM,7/26/2017,AM,7/26/2017,PM,7/26/2017,PM,,,,,,,,,,
2278765,8,6/20/2017,PM,6/25/2017,AM,6/29/2017,PM,7/7/2017,PM,7/11/2017,AM,7/16/2017,AM,7/21/2017,AM,,77,6/24/2017,,,Y,7/20/2017,AM,7/21/2017,AM,7/23/2017,AM,7/24/2017,AM,7/24/2017,PM,7/25/2017,PM,7/25/2017,PM,7/26/2017,AM,7/26/2017,PM,,,,,,
2278765,9,6/21/2017,AM,6/23/2017,AM,6/27/2017,PM,7/2/2017,PM,7/7/2017,AM,7/10/2017,PM,7/14/2017,PM,,6,6/24/2017,copepodites seen,,,,,,,,,,,,,,,,,,,,,,,,,,
2278765,10,6/18/2017,PM,6/24/2017,AM,6/26/2017,PM,6/30/2017,PM,7/5/2017,AM,7/8/2017,PM,7/12/2017,AM,,68,6/24/2017,,,Y,7/25/2017,AM,8/2/2017,AM,8/3/2017,AM,8/3/2017,PM,8/4/2017,AM,8/4/2017,PM,,,,,,,,,,,,
2278765,11,6/20/2017,AM,6/22/2017,PM,6/25/2017,PM,6/29/2017,PM,7/7/2017,PM,7/13/2017,AM,7/18/2017,AM,,2,6/24/2017,,,,,,,,,,,,,,,,,,,,,,,,,,,
2278765,12,6/19/2017,AM,6/24/2017,AM,6/27/2017,PM,7/2/2017,PM,7/7/2017,AM,7/10/2017,PM,7/15/2017,AM,,71,6/24/2017,copepodites seen,,Y,7/24/2017,AM,7/24/2017,AM,7/24/2017,AM,7/24/2017,PM,7/24/2017,PM,7/25/2017,AM,7/25/2017,AM,7/25/2017,PM,7/26/2017,AM,7/26/2017,AM,,,,
2278765,13,7/14/2017,AM,7/18/2017,PM,7/22/2017,PM,7/27/2017,AM,7/31/2017,AM,8/4/2017,AM,8/8/2017,AM,,,,,,,,,,,,,,,,,,,,,,,,,,,,,,
2278765,14,7/11/2017,PM,7/16/2017,AM,7/20/2017,AM,7/24/2017,PM,7/28/2017,PM,8/1/2017,PM,,,,,,,,,,,,,,,,,,,,,,,,,,,,,,,,
2278765,15,,,,,,,,,,,,,,,,,,,,,,,,,,,,,,,,,,,,,,,,,,,,
2278765,16,7/13/2017,PM,7/18/2017,PM,7/23/2017,AM,7/27/2017,PM,7/31/2017,PM,8/5/2017,AM,8/9/2017,AM,,,,,,,,,,,,,,,,,,,,,,,,,,,,,,
2278765,17,,,,,,,,,,,,,,,,,,,,,,,,,,,,,,,,,,,,,,,,,,,,
2278765,18,7/12/2017,AM,7/16/2017,AM,7/20/2017,PM,7/24/2017,PM,7/29/2017,AM,8/2/2017,AM,8/6/2017,AM,,,,,,,,,,,,,,,,,,,,,,,,,,,,,,
2278765,19,7/9/2017,PM,7/15/2017,AM,7/20/2017,PM,7/25/2017,AM,7/29/2017,AM,8/2/2017,AM,8/6/2017,PM,,,,,,,,,,,,,,,,,,,,,,,,,,,,,,
2278765,20,,,,,,,,,,,,,,,,,,,,,,,,,,,,,,,,,,,,,,,,,,,,
2278765,21,7/15/2017,AM,7/20/2017,AM,7/24/2017,PM,7/29/2017,PM,8/2/2017,AM,8/6/2017,AM,8/10/2017,AM,,,,,,,,,,,,,,,,,,,,,,,,,,,,,,
2278765,22,7/11/2017,PM,7/16/2017,PM,7/20/2017,PM,7/24/2017,PM,7/29/2017,AM,8/2/2017,AM,8/6/2017,AM,,34,7/20/2017,,,Y,8/14/2017,AM,8/14/2017,AM,,,,,,,,,,,,,,,,,,,,
2278765,23,7/14/2017,AM,7/18/2017,AM,7/22/2017,PM,7/26/2017,PM,7/30/2017,PM,8/3/2017,AM,8/7/2017,AM,,,,,,,,,,,,,,,,,,,,,,,,,,,,,,
2278765,24,7/10/2017,AM,7/15/2017,PM,7/19/2017,PM,7/24/2017,AM,7/28/2017,AM,8/1/2017,AM,8/4/2017,PM,,62,7/20/2017,,,Y,8/14/2017,AM,8/14/2017,AM,8/14/2017,AM,,,,,,,,,,,,,,,,,,
2278765,25,7/12/2017,PM,7/17/2017,AM,7/21/2017,PM,7/25/2017,PM,7/29/2017,PM,8/2/2017,PM,8/6/2017,PM,,,,,,,,,,,,,,,,,,,,,,,,,,,,,,
2278765,26,7/14/2017,PM,7/23/2017,AM,7/29/2017,AM,8/2/2017,AM,8/5/2017,PM,,,,,,28,7/20/2017,,,Y,8/14/2017,AM,,,,,,,,,,,,,,,,,,,,,,
2278765,27,7/14/2017,AM,7/18/2017,PM,7/22/2017,PM,7/27/2017,AM,7/31/2017,AM,8/4/2017,AM,8/9/2017,AM,,43,7/20/2017,,,Y,,,,,,,,,,,,,,,,,,,,,,,,
2278765,28,7/10/2017,AM,7/16/2017,AM,7/20/2017,PM,7/25/2017,AM,7/29/2017,AM,8/2/2017,AM,8/6/2017,AM,,,,,,,,,,,,,,,,,,,,,,,,,,,,,,
2278765,29,7/11/2017,AM,7/15/2017,PM,7/20/2017,AM,7/24/2017,AM,7/28/2017,AM,8/1/2017,AM,8/4/2017,PM,,,,,,,,,,,,,,,,,,,,,,,,,,,,,,
2278765,30,,,,,,,,,,,,,,,,,,,,,,,,,,,,,,,,,,,,,,,,,,,,
2278766,1,6/21/2017,AM,6/24/2017,PM,6/28/2017,AM,7/2/2017,AM,7/7/2017,AM,7/11/2017,PM,7/16/2017,PM,,74,6/23/2017,,,,,,,,,,,,,,,,,,,,,,,,,,,
2278766,2,6/23/2017,AM,6/26/2017,AM,6/30/2017,AM,7/6/2017,AM,7/13/2017,PM,7/18/2017,PM,7/22/2017,PM,,,,,,Y,8/4/2017,AM,,,,,,,,,,,,,,,,,,,,,,
2278766,3,6/20/2017,AM,6/22/2017,PM,6/26/2017,AM,mother died (06/23 PM) before clutch_3,,,,,,,,,,,,,,,,,,,,,,,,,,,,,,,,,,,,,
2278766,4,6/18/2017,PM,6/23/2017,AM,6/26/2017,PM,7/1/2017,PM,7/6/2017,AM,7/10/2017,AM,7/14/2017,PM,,62,6/23/2017,,,Y,7/19/2017,PM,7/24/2017,PM,7/26/2017,PM,7/28/2017,PM,7/29/2017,AM,7/29/2017,PM,,,,,,,,,,,,
2278766,5,6/22/2017,AM,6/25/2017,AM,6/29/2017,AM,7/2/2017,PM,7/7/2017,AM,7/10/2017,PM,7/15/2017,AM,,,,,,Y,7/18/2017,AM,7/22/2017,AM,7/23/2017,PM,7/24/2017,AM,7/24/2017,PM,7/24/2017,PM,7/25/2017,AM,7/25/2017,AM,7/25/2017,AM,7/27/2017,PM,,,,
2278766,6,6/19/2017,AM,6/22/2017,AM,6/25/2017,PM,6/29/2017,PM,7/3/2017,PM,7/8/2017,AM,7/11/2017,PM,,20,6/23/2017,,,,,,,,,,,,,,,,,,,,,,,,,,,
2278766,7,6/22/2017,PM,6/26/2017,AM,7/1/2017,AM,7/5/2017,AM,mother died (07/5 PM) before clutch_4,,,,,,,,,,,Y,7/24/2017,PM,7/28/2017,PM,8/3/2017,AM,8/4/2017,AM,8/5/2017,AM,8/6/2017,AM,,,,,,,,,,,,
2278766,8,6/19/2017,AM,6/23/2017,AM,6/26/2017,PM,6/30/2017,PM,7/4/2017,PM,7/8/2017,AM,7/11/2017,PM,,100,6/23/2017,,,,,,,,,,,,,,,,,,,,,,,,,,,
2278766,9,6/19/2017,AM,6/22/2017,PM,6/26/2017,AM,mother died (06/24 PM) before clutch_4,,,,,,,,,14,6/23/2017,,,,,,,,,,,,,,,,,,,,,,,,,,,
2278766,10,7/10/2017,AM,7/14/2017,PM,7/18/2017,AM,7/22/2017,PM,7/26/2017,PM,7/30/2017,AM,8/3/2017,PM,,64,7/20/2017,,,Y,,,,,,,,,,,,,,,,,,,,,,,,
2278766,11,7/16/2017,AM,7/20/2017,AM,7/24/2017,AM,7/28/2017,AM,7/31/2017,PM,8/4/2017,PM,8/8/2017,AM,,,,,,,,,,,,,,,,,,,,,,,,,,,,,,
2278766,12,7/13/2017,AM,7/17/2017,AM,7/21/2017,AM,7/25/2017,AM,7/29/2017,PM,8/2/2017,AM,8/6/2017,AM,,,,,,,,,,,,,,,,,,,,,,,,,,,,,,
2278766,13,7/11/2017,AM,7/16/2017,AM,7/20/2017,PM,7/24/2017,PM,7/28/2017,PM,8/1/2017,PM,8/5/2017,PM,,,,,,,,,,,,,,,,,,,,,,,,,,,,,,
2278766,14,7/13/2017,AM,7/17/2017,PM,7/21/2017,PM,7/26/2017,AM,7/30/2017,AM,8/2/2017,PM,,,,,,,,,,,,,,,,,,,,,,,,,,,,,,,,
2278766,15,7/10/2017,AM,7/14/2017,PM,7/18/2017,AM,7/22/2017,AM,7/26/2017,PM,7/30/2017,AM,8/2/2017,PM,,64,7/20/2017,,,Y,8/14/2017,AM,,,,,,,,,,,,,,,,,,,,,,
2278766,16,,,,,,,,,,,,,,,,,,,,,,,,,,,,,,,,,,,,,,,,,,,,
2278766,17,7/12/2017,AM,7/16/2017,AM,7/20/2017,AM,7/24/2017,PM,7/28/2017,PM,8/1/2017,PM,8/5/2017,PM,,,,,,,,,,,,,,,,,,,,,,,,,,,,,,
2278766,18,7/16/2017,AM,7/21/2017,AM,7/25/2017,AM,7/29/2017,AM,8/1/2017,PM,8/5/2017,PM,8/9/2017,AM,,38,7/20/2017,,,Y,,,,,,,,,,,,,,,,,,,,,,,,
2278766,19,7/15/2017,AM,7/20/2017,AM,7/24/2017,PM,7/28/2017,PM,8/1/2017,PM,8/5/2017,PM,8/9/2017,PM,,,,,,,,,,,,,,,,,,,,,,,,,,,,,,
2278766,20,7/10/2017,PM,7/15/2017,AM,7/19/2017,AM,7/23/2017,AM,7/27/2017,AM,7/30/2017,PM,8/3/2017,PM,,43,7/20/2017,,,Y,8/6/2017,PM,8/14/2017,AM,8/14/2017,AM,8/14/2017,AM,8/14/2017,AM,,,,,,,,,,,,,,
2278766,21,mother died,,,,,,,,,,,,,,,,,,,,,,,,,,,,,,,,,,,,,,,,,,,
2278766,22,7/10/2017,AM,7/14/2017,PM,7/19/2017,AM,7/23/2017,AM,7/27/2017,AM,7/31/2017,AM,8/4/2017,AM,,58,7/20/2017,,,Y,8/14/2017,AM,8/14/2017,AM,8/14/2017,AM,8/14/2017,PM,8/14/2017,PM,,,,,,,,,,,,,,
2278766,23,7/14/2017,PM,7/19/2017,PM,7/23/2017,PM,7/27/2017,PM,7/31/2017,PM,8/4/2017,AM,8/8/2017,AM,,35,7/20/2017,,,Y,,,,,,,,,,,,,,,,,,,,,,,,
2278766,24,7/15/2017,PM,7/20/2017,AM,7/24/2017,PM,7/28/2017,PM,8/1/2017,PM,8/5/2017,PM,8/9/2017,AM,,,,,,,,,,,,,,,,,,,,,,,,,,,,,,
2278766,25,7/13/2017,AM,mother died (07/17/17),,,,,,,,,,,,,,,,,,,,,,,,,,,,,,,,,,,,,,,,,
2278766,26,7/10/2017,AM,7/15/2017,AM,7/20/2017,AM,7/24/2017,PM,7/28/2017,PM,8/1/2017,PM,8/6/2017,AM,,81,7/20/2017,,,Y,,,,,,,,,,,,,,,,,,,,,,,,
2278766,27,7/16/2017,AM,7/21/2017,AM,7/24/2017,PM,7/28/2017,PM,8/1/2017,PM,8/5/2017,AM,8/9/2017,AM,,,,,,,,,,,,,,,,,,,,,,,,,,,,,,
2278766,28,7/15/2017,PM,7/20/2017,PM,7/25/2017,AM,7/29/2017,PM,8/2/2017,AM,8/6/2017,AM,8/10/2017,PM,,,,,,,,,,,,,,,,,,,,,,,,,,,,,,
2278766,29,7/10/2017,AM,7/16/2017,PM,7/22/2017,AM,7/26/2017,PM,7/30/2017,PM,8/3/2017,AM,8/7/2017,AM,,65,7/20/2017,,,Y,8/10/2017,PM,8/14/2017,PM,,,,,,,,,,,,,,,,,,,,
2278766,30,7/13/2017,PM,7/18/2017,AM,7/22/2017,PM,7/27/2017,AM,7/31/2017,AM,8/4/2017,PM,8/9/2017,PM,,,,,,,,,,,,,,,,,,,,,,,,,,,,,,
2382989,1,6/18/2017,PM,6/26/2017,AM,6/30/2017,AM,7/4/2017,PM,7/9/2017,AM,7/12/2017,PM,7/18/2017,AM,,67,6/23/2017,,,Y,7/16/2017,AM,7/19/2017,AM,7/28/2017,PM,7/28/2017,PM,7/29/2017,PM,,,,,,,,,,,,,,
2382989,2,6/18/2017,PM,6/22/2017,PM,6/26/2017,AM,6/29/2017,PM,7/3/2017,PM,7/8/2017,AM,7/11/2017,PM,,84,6/23/2017,,,Y,7/12/2017,AM,7/18/2017,AM,7/19/2017,AM,7/20/2017,AM,7/22/2017,AM,7/22/2017,PM,7/23/2017,AM,7/24/2017,PM,7/25/2017,AM,7/25/2017,PM,,,,
2382989,3,6/20/2017,AM,6/25/2017,PM,6/29/2017,AM,7/3/2017,AM,7/7/2017,AM,7/10/2017,AM,7/14/2017,PM,,100,6/23/2017,,,Y,8/1/2017,AM,8/2/2017,AM,,,,,,,,,,,,,,,,,,,,
2382989,4,6/20/2017,AM,6/25/2017,AM,6/28/2017,PM,7/2/2017,PM,7/6/2017,AM,7/10/2017,AM,7/14/2017,PM,,83,6/23/2017,,,Y,7/20/2017,AM,7/21/2017,PM,7/22/2017,PM,7/23/2017,AM,7/23/2017,AM,7/24/2017,PM,7/24/2017,PM,7/28/2017,AM,,,,,,,,
2382989,5,6/20/2017,AM,6/25/2017,PM,6/29/2017,AM,7/3/2017,AM,7/7/2017,AM,7/10/2017,PM,7/14/2017,PM,,83,6/23/2017,,,Y,7/18/2017,AM,7/18/2017,AM,7/18/2017,PM,7/19/2017,AM,7/19/2017,AM,7/19/2017,PM,7/20/2017,AM,7/23/2017,PM,7/24/2017,AM,7/24/2017,PM,7/24/2017,PM,7/24/2017,PM
2382989,6,6/20/2017,AM,6/26/2017,AM,6/30/2017,PM,7/5/2017,AM,7/8/2017,PM,7/12/2017,AM,7/16/2017,PM,,40,6/28/2017,,,Y,7/18/2017,PM,7/19/2017,AM,7/19/2017,AM,7/22/2017,AM,7/22/2017,AM,7/22/2017,AM,7/22/2017,AM,7/22/2017,PM,7/22/2017,PM,7/23/2017,AM,7/23/2017,AM,7/23/2017,PM
2382989,7,6/20/2017,AM,6/25/2017,AM,6/29/2017,AM,7/3/2017,AM,7/7/2017,AM,7/10/2017,PM,7/15/2017,AM,,68,6/28/2017,,,Y,7/19/2017,AM,7/21/2017,AM,7/21/2017,PM,7/22/2017,AM,7/22/2017,AM,7/22/2017,AM,7/22/2017,PM,7/23/2017,AM,7/23/2017,AM,7/23/2017,PM,7/25/2017,AM,,
2382989,8,6/20/2017,AM,6/25/2017,AM,6/28/2017,PM,7/2/2017,PM,7/7/2017,AM,7/10/2017,AM,7/12/2017,PM,,74,6/28/2017,,,Y,7/19/2017,AM,7/20/2017,AM,7/20/2017,AM,7/20/2017,AM,7/20/2017,AM,7/22/2017,AM,7/22/2017,AM,7/22/2017,AM,7/26/2017,PM,,,,,,
2382989,9,6/20/2017,AM,mother lost?,,,,,,,,,,,,,86,6/28/2017,,,Y,7/24/2017,PM,7/25/2017,AM,8/2/2017,PM,8/3/2017,AM,8/4/2017,AM,8/4/2017,AM,,,,,,,,,,,,
2382989,10,6/20/2017,AM,6/25/2017,PM,6/29/2017,AM,7/2/2017,PM,7/7/2017,AM,7/10/2017,AM,7/14/2017,AM,,56,6/28/2017,,,Y,7/18/2017,AM,7/22/2017,AM,7/25/2017,AM,7/25/2017,PM,8/10/2017,PM,,,,,,,,,,,,,,
2382989,11,7/16/2017,PM,7/21/2017,PM,7/25/2017,PM,7/30/2017,AM,,,,,,,,,,,,,,,,,,,,,,,,,,,,,,,,,,,,
2382989,12,7/16/2017,AM,7/21/2017,AM,7/25/2017,PM,7/30/2017,AM,,,,,,,,,,,,,,,,,,,,,,,,,,,,,,,,,,,,
2382989,13,7/14/2017,AM,7/18/2017,AM,7/22/2017,AM,7/26/2017,PM,7/30/2017,PM,8/3/2017,AM,8/7/2017,AM,,,,,,,,,,,,,,,,,,,,,,,,,,,,,,
2382989,14*,7/18/2017,AM,7/25/2017,PM,7/27/2017,AM,7/30/2017,PM,8/5/2017,AM,8/11/2017,AM,,,,,,,,,,,,,,,,,,,,,,,,,,,,,,,,
2382989,15*,7/18/2017,AM,7/24/2017,AM,7/28/2017,PM,8/1/2017,PM,8/5/2017,PM,8/10/2017,AM,8/14/2017,AM,,,,,,,,,,,,,,,,,,,,,,,,,,,,,,
2382989,16,,,,,,,,,,,,,,,,,,,,,,,,,,,,,,,,,,,,,,,,,,,,
2382989,17,,,,,,,,,,,,,,,,,,,,,,,,,,,,,,,,,,,,,,,,,,,,
2382989,18,,,,,,,,,,,,,,,,,,,,,,,,,,,,,,,,,,,,,,,,,,,,
2382989,19,,,,,,,,,,,,,,,,,,,,,,,,,,,,,,,,,,,,,,,,,,,,
2382989,20,,,,,,,,,,,,,,,,,,,,,,,,,,,,,,,,,,,,,,,,,,,,
2382989,21,,,,,,,,,,,,,,,,,,,,,,,,,,,,,,,,,,,,,,,,,,,,
2382989,22,,,,,,,,,,,,,,,,,,,,,,,,,,,,,,,,,,,,,,,,,,,,
2382989,23,,,,,,,,,,,,,,,,,,,,,,,,,,,,,,,,,,,,,,,,,,,,
2382989,24,,,,,,,,,,,,,,,,,,,,,,,,,,,,,,,,,,,,,,,,,,,,
2382989,25,,,,,,,,,,,,,,,,,,,,,,,,,,,,,,,,,,,,,,,,,,,,
2382989,26,,,,,,,,,,,,,,,,,,,,,,,,,,,,,,,,,,,,,,,,,,,,
2382989,27,,,,,,,,,,,,,,,,,,,,,,,,,,,,,,,,,,,,,,,,,,,,
2382989,28,,,,,,,,,,,,,,,,,,,,,,,,,,,,,,,,,,,,,,,,,,,,
2382989,29,,,,,,,,,,,,,,,,,,,,,,,,,,,,,,,,,,,,,,,,,,,,
2382989,30,,,,,,,,,,,,,,,,,,,,,,,,,,,,,,,,,,,,,,,,,,,,
20148877,1,7/15/2017,AM,7/19/2017,PM,7/24/2017,AM,7/28/2017,PM,8/1/2017,PM,8/6/2017,AM,8/11/2017,PM,,,,,,,,,,,,,,,,,,,,,,,,,,,,,,
20148877,2,7/12/2017,AM,7/16/2017,PM,7/21/2017,AM,7/25/2017,AM,7/29/2017,PM,8/2/2017,PM,8/7/2017,AM,,13,7/26/2017,,,Y,8/2/2017,PM,8/6/2017,AM,8/6/2017,AM,8/8/2017,AM,8/8/2017,PM,8/8/2017,PM,,,,,,,,,,,,
20148877,3,7/14/2017,PM,7/19/2017,AM,7/23/2017,PM,7/28/2017,AM,8/1/2017,PM,8/6/2017,AM,8/11/2017,AM,,25,7/27/2017,,,Y,8/3/2017,PM,8/4/2017,AM,8/4/2017,AM,8/4/2017,PM,8/4/2017,PM,8/4/2017,PM,8/5/2017,AM,,,,,,,,,,
20148877,4*,7/29/2017,AM,8/1/2017,PM,8/5/2017,AM,8/9/2017,AM,8/13/2017,PM,,,,,,,,,,,,,,,,,,,,,,,,,,,,,,,,,,
20148877,5,7/10/2017,PM,7/16/2017,PM,7/22/2017,PM,,,,,,,,,,38,7/26/2017,,,Y,,,,,,,,,,,,,,,,,,,,,,,,
20148877,6,7/11/2017,AM,7/16/2017,PM,7/21/2017,AM,7/25/2017,AM,7/29/2017,PM,,,,,,12,7/26/2017,,,Y,8/4/2017,AM,8/5/2017,PM,8/6/2017,PM,,,,,,,,,,,,,,,,,,
20148877,7,7/13/2017,AM,7/17/2017,PM,7/21/2017,PM,7/26/2017,AM,7/30/2017,AM,8/3/2017,PM,,,,42,7/27/2017,,,Y,8/4/2017,AM,8/4/2017,AM,8/5/2017,AM,8/5/2017,AM,8/5/2017,AM,8/5/2017,AM,8/5/2017,AM,8/5/2017,AM,,,,,,,,
20148877,8*,7/16/2017,PM,7/21/2017,AM,7/25/2017,AM,7/29/2017,PM,8/3/2017,AM,8/7/2017,AM,8/11/2017,PM,,,,,,,,,,,,,,,,,,,,,,,,,,,,,,
20148877,9,7/10/2017,AM,7/16/2017,AM,7/20/2017,AM,7/24/2017,PM,7/28/2017,PM,8/1/2017,PM,8/5/2017,PM,,42,7/26/2017,,,Y,8/3/2017,PM,8/5/2017,AM,8/6/2017,AM,8/6/2017,AM,8/6/2017,AM,8/6/2017,PM,,,,,,,,,,,,
20148877,10,7/14/2017,AM,7/18/2017,AM,7/22/2017,AM,7/27/2017,AM,8/1/2017,AM,,,,,,31,7/27/2017,,,Y,8/3/2017,PM,8/3/2017,PM,8/4/2017,AM,8/4/2017,AM,8/4/2017,AM,8/4/2017,AM,8/4/2017,AM,8/4/2017,AM,8/4/2017,PM,8/4/2017,PM,,,,
20148877,11*,7/16/2017,PM,7/21/2017,PM,7/26/2017,AM,7/30/2017,AM,8/2/2017,PM,8/7/2017,AM,8/10/2017,PM,,,,,,,,,,,,,,,,,,,,,,,,,,,,,,
20148877,12,7/13/2017,AM,7/18/2017,AM,7/22/2017,AM,7/29/2017,AM,8/7/2017,PM,,,,,,8,7/27/2017,,,,,,,,,,,,,,,,,,,,,,,,,,,
20148877,13*,7/15/2017,PM,7/20/2017,AM,7/24/2017,PM,7/29/2017,AM,8/2/2017,AM,8/6/2017,AM,8/10/2017,PM,,,,,,,,,,,,,,,,,,,,,,,,,,,,,,
20148877,14,7/10/2017,AM,7/16/2017,AM,7/20/2017,AM,7/24/2017,PM,7/29/2017,AM,8/2/2017,AM,8/6/2017,PM,,43,7/26/2017,,,Y,8/3/2017,PM,8/4/2017,AM,8/4/2017,AM,8/4/2017,AM,8/4/2017,AM,8/4/2017,AM,8/4/2017,PM,8/4/2017,PM,,,,,,,,
20148877,15,,,,,,,,,,,,,,,,,,,,,,,,,,,,,,,,,,,,,,,,,,,,
20148877,16*,7/23/2017,AM,7/30/2017,PM,8/5/2017,PM,8/11/2017,AM,,,,,,,,,,,,,,,,,,,,,,,,,,,,,,,,,,,,
20148877,17*,7/17/2017,AM,7/23/2017,PM,7/29/2017,AM,8/2/2017,AM,8/6/2017,PM,8/11/2017,AM,,,,,,,,,,,,,,,,,,,,,,,,,,,,,,,,
20148877,18*,7/15/2017,AM,7/23/2017,AM,7/28/2017,AM,8/1/2017,AM,8/5/2017,PM,8/9/2017,PM,8/14/2017,AM,,35,7/27/2017,,,Y,8/5/2017,AM,8/9/2017,AM,8/13/2017,AM,8/13/2017,AM,8/14/2017,AM,,,,,,,,,,,,,,
20148877,19*,7/17/2017,PM,,,,,,,,,,,,,,,,,,,,,,,,,,,,,,,,,,,,,,,,,,
20148877,20*,7/17/2017,PM,7/23/2017,PM,7/28/2017,AM,8/2/2017,AM,8/6/2017,PM,8/10/2017,PM,,,,,,,,,,,,,,,,,,,,,,,,,,,,,,,,
20148877,21*,7/25/2017,PM,7/29/2017,PM,8/2/2017,PM,8/6/2017,PM,8/11/2017,AM,,,,,,,,,,,,,,,,,,,,,,,,,,,,,,,,,,
20148877,22*,7/16/2017,AM,7/21/2017,AM,7/26/2017,PM,7/30/2017,PM,8/3/2017,PM,8/8/2017,AM,8/12/2017,AM,,,,,,Y,8/12/2017,AM,8/14/2017,AM,8/14/2017,AM,8/14/2017,AM,8/14/2017,AM,,,,,,,,,,,,,,
20148877,23*,7/16/2017,AM,7/20/2017,AM,7/24/2017,PM,7/29/2017,AM,8/1/2017,PM,8/5/2017,PM,8/10/2017,AM,,27,7/27/2017,,,Y,8/5/2017,AM,8/7/2017,AM,8/8/2017,AM,8/8/2017,PM,8/9/2017,PM,8/9/2017,PM,8/9/2017,PM,,,,,,,,,,
20148877,24*,7/16/2017,AM,7/22/2017,AM,7/27/2017,PM,8/1/2017,AM,8/5/2017,PM,8/10/2017,AM,8/14/2017,AM,,24,7/27/2017,,,Y,8/9/2017,AM,8/9/2017,PM,8/9/2017,PM,8/10/2017,PM,8/11/2017,AM,,,,,,,,,,,,,,
906044,1,7/10/2017,PM,7/17/2017,AM,7/30/2017,AM,8/5/2017,PM,8/11/2017,AM,,,,,,48,7/26/2017,,,Y,8/4/2017,PM,8/5/2017,AM,8/5/2017,PM,8/5/2017,PM,8/6/2017,AM,8/6/2017,AM,,,,,,,,,,,,
906044,2,7/15/2017,AM,7/20/2017,PM,7/26/2017,PM,7/31/2017,AM,8/4/2017,AM,8/8/2017,PM,8/13/2017,AM,,,,,,,,,,,,,,,,,,,,,,,,,,,,,,
906044,3,7/14/2017,AM,,,,,,,,,,,,,,,,,,,,,,,,,,,,,,,,,,,,,,,,,,
906044,4,7/10/2017,AM,7/15/2017,AM,7/20/2017,AM,7/24/2017,PM,7/29/2017,AM,8/3/2017,AM,,,,50,7/26/2017,,,Y,8/4/2017,AM,8/4/2017,PM,8/4/2017,PM,8/4/2017,PM,8/5/2017,AM,8/5/2017,AM,8/5/2017,PM,8/5/2017,PM,,,,,,,,
906044,5,7/14/2017,AM,7/18/2017,PM,7/23/2017,AM,7/27/2017,PM,8/1/2017,AM,8/5/2017,AM,8/9/2017,AM,,,,,,,,,,,,,,,,,,,,,,,,,,,,,,
906044,6,7/10/2017,PM,7/14/2017,PM,7/19/2017,AM,7/23/2017,PM,7/28/2017,AM,8/1/2017,AM,8/5/2017,AM,,60,7/26/2017,,,Y,8/14/2017,AM,8/14/2017,AM,8/14/2017,AM,,,,,,,,,,,,,,,,,,
906044,7*,7/13/2017,PM,7/18/2017,AM,7/22/2017,AM,7/26/2017,PM,7/30/2017,PM,8/3/2017,PM,8/8/2017,AM,,,,,,,,,,,,,,,,,,,,,,,,,,,,,,
906044,8,7/11/2017,AM,7/16/2017,AM,7/20/2017,AM,7/24/2017,PM,7/29/2017,AM,8/2/2017,AM,8/6/2017,PM,,,,,,,,,,,,,,,,,,,,,,,,,,,,,,
906044,9,7/16/2017,AM,7/22/2017,AM,,,,,,,,,,,,,,,,,,,,,,,,,,,,,,,,,,,,,,,,
906044,10,7/13/2017,AM,7/17/2017,AM,7/21/2017,AM,7/26/2017,PM,7/30/2017,AM,8/3/2017,AM,8/7/2017,AM,,32,7/26/2017,,,Y,8/5/2017,AM,8/5/2017,AM,8/8/2017,AM,8/8/2017,AM,8/8/2017,PM,8/8/2017,PM,,,,,,,,,,,,
906044,11,7/10/2017,AM,7/15/2017,AM,7/19/2017,PM,7/23/2017,PM,7/28/2017,AM,8/1/2017,AM,8/5/2017,AM,,42,7/26/2017,,,Y,,,,,,,,,,,,,,,,,,,,,,,,
906044,12,7/11/2017,AM,7/15/2017,PM,7/19/2017,PM,7/25/2017,AM,7/29/2017,PM,8/2/2017,AM,8/6/2017,AM,,,,,,,,,,,,,,,,,,,,,,,,,,,,,,
906044,13*,7/18/2017,AM,7/24/2017,PM,7/29/2017,PM,8/7/2017,AM,8/11/2017,PM,,,,,,,,,,,,,,,,,,,,,,,,,,,,,,,,,,
906044,14,7/14/2017,AM,7/18/2017,AM,7/22/2017,PM,7/27/2017,PM,7/31/2017,PM,8/4/2017,PM,8/9/2017,AM,,,,,,,,,,,,,,,,,,,,,,,,,,,,,,
906044,15,7/12/2017,PM,7/17/2017,AM,7/21/2017,AM,7/25/2017,PM,7/29/2017,PM,8/2/2017,PM,8/7/2017,AM,,51,7/27/2017,,,Y,8/9/2017,PM,8/9/2017,PM,8/10/2017,AM,8/11/2017,PM,8/12/2017,PM,,,,,,,,,,,,,,
906044,16,7/12/2017,AM,7/16/2017,PM,7/20/2017,PM,7/24/2017,PM,,,,,,,,22,7/27/2017,,,Y,8/3/2017,PM,8/3/2017,PM,8/4/2017,AM,8/4/2017,PM,8/5/2017,AM,8/6/2017,AM,8/6/2017,AM,,,,,,,,,,
906044,17,7/12/2017,PM,7/17/2017,AM,7/21/2017,AM,7/26/2017,AM,7/30/2017,AM,8/3/2017,AM,8/7/2017,PM,,36,7/27/2017,,,Y,8/5/2017,PM,8/8/2017,PM,8/8/2017,PM,8/8/2017,PM,8/9/2017,AM,8/9/2017,AM,,,,,,,,,,,,
906044,18,7/13/2017,PM,7/18/2017,AM,7/22/2017,PM,7/28/2017,AM,7/31/2017,PM,8/5/2017,AM,8/9/2017,PM,,,,,,,,,,,,,,,,,,,,,,,,,,,,,,
906044,19,7/12/2017,PM,7/18/2017,AM,7/22/2017,AM,7/27/2017,AM,7/31/2017,AM,8/4/2017,PM,8/9/2017,AM,,47,7/27/2017,,,Y,8/8/2017,PM,8/9/2017,AM,8/9/2017,AM,8/9/2017,AM,8/9/2017,PM,8/9/2017,PM,8/9/2017,PM,,,,,,,,,,
906044,20,7/12/2017,AM,7/16/2017,AM,7/20/2017,PM,7/25/2017,AM,7/29/2017,AM,8/2/2017,AM,8/6/2017,AM,,37,7/27/2017,,,Y,8/5/2017,AM,8/8/2017,PM,8/9/2017,AM,8/9/2017,AM,8/9/2017,PM,,,,,,,,,,,,,,
906044,21,7/12/2017,PM,7/17/2017,AM,7/21/2017,AM,7/25/2017,AM,7/29/2017,PM,8/3/2017,AM,8/7/2017,PM,,37,7/27/2017,,,Y,8/9/2017,AM,8/11/2017,AM,8/14/2017,AM,8/14/2017,PM,,,,,,,,,,,,,,,,
906044,22,7/12/2017,AM,7/17/2017,AM,7/22/2017,AM,7/26/2017,AM,7/30/2017,AM,8/3/2017,AM,8/7/2017,PM,,,,,,,,,,,,,,,,,,,,,,,,,,,,,,
906044,23,7/13/2017,AM,7/18/2017,AM,7/22/2017,AM,7/26/2017,PM,7/30/2017,PM,8/4/2017,AM,,,,41,7/27/2017,,,Y,8/11/2017,PM,8/11/2017,PM,8/13/2017,AM,8/14/2017,AM,8/14/2017,AM,8/14/2017,AM,,,,,,,,,,,,
906044,24*,7/19/2017,PM,7/25/2017,PM,7/30/2017,PM,8/3/2017,PM,8/7/2017,PM,8/11/2017,PM,,,,,,,,,,,,,,,,,,,,,,,,,,,,,,,,
20148879,1,7/14/2017,AM,7/19/2017,AM,7/23/2017,AM,7/26/2017,PM,7/30/2017,PM,8/3/2017,AM,8/7/2017,PM,,,,,,,,,,,,,,,,,,,,,,,,,,,,,,
20148879,2,7/10/2017,AM,7/15/2017,AM,7/19/2017,PM,7/24/2017,AM,7/28/2017,AM,8/1/2017,AM,8/5/2017,AM,,46,7/26/2017,,,Y,8/4/2017,AM,8/4/2017,PM,8/4/2017,PM,8/4/2017,PM,8/4/2017,PM,8/6/2017,AM,,,,,,,,,,,,
20148879,3,7/13/2017,AM,7/18/2017,AM,7/22/2017,AM,7/27/2017,PM,8/2/2017,AM,8/8/2017,AM,,,,,,,,,,,,,,,,,,,,,,,,,,,,,,,,
20148879,4*,7/15/2017,AM,7/20/2017,AM,7/24/2017,AM,7/28/2017,PM,8/1/2017,PM,8/5/2017,AM,8/9/2017,AM,,24,7/28/2017,,,Y,8/14/2017,AM,,,,,,,,,,,,,,,,,,,,,,
20148879,5,7/10/2017,AM,7/14/2017,AM,7/18/2017,PM,7/22/2017,PM,7/27/2017,AM,7/31/2017,AM,8/4/2017,PM,,39,7/26/2017,,,Y,8/3/2017,PM,8/3/2017,PM,8/4/2017,AM,8/4/2017,AM,8/5/2017,PM,8/5/2017,PM,,,,,,,,,,,,
20148879,6,7/17/2017,PM,7/21/2017,PM,7/26/2017,AM,7/30/2017,AM,8/3/2017,PM,8/8/2017,PM,8/12/2017,PM,,42,7/28/2017,,,Y,8/3/2017,AM,8/3/2017,AM,8/3/2017,PM,8/4/2017,AM,8/5/2017,PM,8/7/2017,PM,8/7/2017,PM,,,,,,,,,,
20148879,7,7/10/2017,AM,7/14/2017,AM,7/18/2017,AM,7/22/2017,AM,7/26/2017,PM,7/30/2017,PM,8/3/2017,AM,,47,7/26/2017,,,Y,8/9/2017,AM,8/9/2017,AM,8/9/2017,AM,8/9/2017,AM,8/9/2017,AM,,,,,,,,,,,,,,
20148879,8,7/14/2017,AM,7/18/2017,AM,7/22/2017,AM,7/26/2017,PM,7/30/2017,PM,8/5/2017,PM,8/10/2017,PM,,,,,,,,,,,,,,,,,,,,,,,,,,,,,,
20148879,9,7/14/2017,AM,7/18/2017,AM,7/22/2017,AM,7/26/2017,AM,7/31/2017,AM,8/4/2017,AM,8/8/2017,AM,,,,,,,,,,,,,,,,,,,,,,,,,,,,,,
20148879,10,7/10/2017,AM,7/16/2017,PM,7/21/2017,AM,7/25/2017,AM,7/29/2017,PM,8/2/2017,AM,8/6/2017,AM,,44,7/26/2017,,,Y,7/30/2017,AM,,,,,,,,,,,,,,,,,,,,,,
20148879,11,7/15/2017,AM,7/19/2017,AM,7/23/2017,AM,7/27/2017,AM,7/31/2017,AM,8/3/2017,PM,8/8/2017,AM,,41,7/26/2017,,,Y,8/4/2017,AM,8/4/2017,AM,8/4/2017,AM,8/4/2017,AM,8/4/2017,AM,8/4/2017,AM,8/4/2017,AM,8/4/2017,AM,8/5/2017,AM,8/5/2017,AM,8/5/2017,AM,8/5/2017,AM
20148879,12,7/13/2017,AM,7/17/2017,AM,7/21/2017,AM,7/25/2017,PM,7/29/2017,PM,8/2/2017,AM,8/6/2017,PM,,42,7/28/2017,,,Y,8/5/2017,PM,8/5/2017,PM,8/6/2017,AM,8/8/2017,AM,8/8/2017,AM,,,,,,,,,,,,,,
20148879,13,7/12/2017,PM,7/17/2017,AM,7/21/2017,AM,7/25/2017,AM,7/29/2017,PM,8/3/2017,AM,8/8/2017,AM,,,,,,,,,,,,,,,,,,,,,,,,,,,,,,
20148879,14,7/12/2017,AM,7/15/2017,PM,7/19/2017,PM,7/24/2017,AM,7/28/2017,AM,8/1/2017,AM,8/4/2017,PM,,45,7/28/2017,,,Y,8/8/2017,PM,8/9/2017,PM,8/10/2017,PM,8/10/2017,PM,8/11/2017,AM,,,,,,,,,,,,,,
20148879,15,7/14/2017,PM,7/18/2017,PM,7/23/2017,AM,7/27/2017,PM,7/31/2017,PM,8/5/2017,AM,8/11/2017,AM,,,,,,,,,,,,,,,,,,,,,,,,,,,,,,
20148879,16,7/10/2017,PM,7/15/2017,AM,7/19/2017,PM,7/24/2017,AM,7/28/2017,AM,8/1/2017,AM,8/4/2017,PM,,45,7/28/2017,,,Y,8/3/2017,AM,8/3/2017,PM,8/3/2017,PM,8/7/2017,AM,8/7/2017,PM,,,,,,,,,,,,,,
20148879,17,7/10/2017,AM,7/15/2017,PM,7/20/2017,AM,7/24/2017,AM,7/28/2017,AM,8/1/2017,AM,8/5/2017,AM,,44,7/28/2017,,,Y,8/3/2017,PM,8/3/2017,PM,8/3/2017,PM,8/4/2017,AM,8/4/2017,AM,8/4/2017,PM,8/4/2017,PM,,,,,,,,,,
20148879,18,7/14/2017,PM,7/19/2017,AM,7/23/2017,AM,7/28/2017,AM,8/1/2017,AM,8/5/2017,AM,8/9/2017,AM,,,,,,,,,,,,,,,,,,,,,,,,,,,,,,
20148879,19,7/13/2017,AM,7/17/2017,AM,7/21/2017,AM,7/25/2017,PM,7/29/2017,PM,8/2/2017,AM,8/6/2017,AM,,,,,,,,,,,,,,,,,,,,,,,,,,,,,,
20148879,20,7/10/2017,AM,7/15/2017,AM,7/19/2017,PM,7/24/2017,AM,7/29/2017,PM,8/2/2017,PM,,,,47,7/28/2017,,,Y,8/4/2017,PM,8/5/2017,AM,8/5/2017,AM,8/5/2017,PM,8/5/2017,PM,8/5/2017,PM,,,,,,,,,,,,
20148879,21*,7/17/2017,AM,7/23/2017,PM,7/29/2017,PM,8/3/2017,AM,8/8/2017,AM,8/12/2017,AM,,,,,,,,,,,,,,,,,,,,,,,,,,,,,,,,
20148879,22*,7/12/2017,PM,7/17/2017,PM,7/21/2017,PM,7/25/2017,PM,7/30/2017,AM,8/3/2017,AM,8/7/2017,AM,,,,,,,,,,,,,,,,,,,,,,,,,,,,,,
20148879,23*,7/15/2017,PM,7/20/2017,AM,7/24/2017,PM,7/29/2017,AM,8/2/2017,AM,8/6/2017,AM,8/10/2017,PM,,,,,,,,,,,,,,,,,,,,,,,,,,,,,,
20148879,24*,,,,,,,,,,,,,,,,,,,,,,,,,,,,,,,,,,,,,,,,,,,,
20148876,1,7/14/2017,AM,7/18/2017,AM,7/23/2017,AM,7/27/2017,PM,7/31/2017,PM,8/4/2017,PM,,,,33,7/28/2017,,,Y,8/8/2017,PM,8/9/2017,AM,8/9/2017,AM,8/9/2017,PM,,,,,,,,,,,,,,,,
20148876,2,7/10/2017,PM,7/15/2017,AM,7/19/2017,PM,7/24/2017,AM,7/29/2017,PM,8/3/2017,PM,8/10/2017,AM,,52,7/26/2017,,,Y,8/3/2017,AM,8/3/2017,PM,8/3/2017,PM,8/3/2017,PM,,,,,,,,,,,,,,,,
20148876,3,7/12/2017,PM,7/17/2017,AM,7/21/2017,AM,7/26/2017,AM,7/30/2017,AM,8/3/2017,AM,8/8/2017,AM,,,,,,,,,,,,,,,,,,,,,,,,,,,,,,
20148876,4,7/13/2017,AM,7/17/2017,AM,7/21/2017,AM,7/25/2017,PM,7/30/2017,AM,8/3/2017,AM,8/8/2017,AM,,47,7/28/2017,,,Y,8/14/2017,AM,,,,,,,,,,,,,,,,,,,,,,
20148876,5,7/15/2017,AM,7/21/2017,PM,7/26/2017,PM,7/31/2017,AM,8/4/2017,PM,,,,,,,,,,,,,,,,,,,,,,,,,,,,,,,,,,
20148876,6,7/15/2017,AM,7/19/2017,PM,7/24/2017,AM,7/28/2017,PM,8/4/2017,PM,,,,,,,,,,,,,,,,,,,,,,,,,,,,,,,,,,
20148876,7,7/13/2017,PM,7/19/2017,AM,7/23/2017,PM,7/28/2017,PM,8/2/2017,AM,8/8/2017,AM,8/12/2017,AM,,20,7/28/2017,,,Y,8/3/2017,AM,8/3/2017,PM,8/4/2017,AM,8/8/2017,PM,8/9/2017,AM,,,,,,,,,,,,,,
20148876,8,7/14/2017,AM,7/18/2017,AM,7/22/2017,PM,7/27/2017,AM,7/31/2017,PM,8/5/2017,AM,8/10/2017,AM,,43,7/28/2017,,,Y,8/5/2017,AM,8/5/2017,PM,8/5/2017,PM,8/6/2017,AM,8/7/2017,AM,,,,,,,,,,,,,,
20148876,9,7/12/2017,PM,7/17/2017,AM,7/21/2017,AM,7/25/2017,PM,7/30/2017,AM,8/2/2017,PM,8/10/2017,PM,,,,,,,,,,,,,,,,,,,,,,,,,,,,,,
20148876,10,7/16/2017,AM,7/21/2017,AM,7/25/2017,PM,,,,,,,,,,,,,,,,,,,,,,,,,,,,,,,,,,,,,,
20148876,11,7/15/2017,PM,,,,,,,,,,,,,,,,,,,,,,,,,,,,,,,,,,,,,,,,,,
20148876,12,7/17/2017,PM,8/2/2017,AM,8/8/2017,PM,8/13/2017,AM,,,,,,,,29,7/28/2017,,,Y,8/3/2017,PM,8/9/2017,AM,8/9/2017,PM,8/9/2017,PM,8/10/2017,AM,,,,,,,,,,,,,,
20148876,13,7/11/2017,PM,7/16/2017,PM,7/20/2017,PM,7/25/2017,AM,7/29/2017,PM,8/2/2017,PM,8/8/2017,AM,,,,,,,,,,,,,,,,,,,,,,,,,,,,,,
20148876,14,7/11/2017,AM,7/15/2017,PM,7/20/2017,AM,7/24/2017,PM,7/29/2017,PM,8/3/2017,AM,8/8/2017,AM,,38,7/26/2017,,,Y,8/7/2017,PM,8/9/2017,AM,8/9/2017,PM,8/14/2017,AM,8/14/2017,PM,,,,,,,,,,,,,,
20148876,15,7/13/2017,PM,7/17/2017,PM,7/21/2017,PM,7/25/2017,AM,7/29/2017,PM,8/2/2017,PM,8/6/2017,PM,,53,7/28/2017,,,Y,8/6/2017,AM,8/6/2017,PM,8/8/2017,AM,8/8/2017,AM,8/8/2017,AM,8/8/2017,AM,8/8/2017,AM,,,,,,,,,,
20148876,16*,7/20/2017,PM,7/24/2017,PM,7/28/2017,PM,8/1/2017,PM,8/6/2017,AM,8/10/2017,PM,,,,,,,,,,,,,,,,,,,,,,,,,,,,,,,,
20148876,17*,7/14/2017,AM,7/19/2017,AM,,,,,,,,,,,,,,,,,,,,,,,,,,,,,,,,,,,,,,,,
20148876,18*,7/11/2017,AM,7/18/2017,AM,7/30/2017,AM,8/4/2017,PM,8/9/2017,AM,8/13/2017,PM,,,,15,7/26/2017,,,Y,8/3/2017,AM,8/3/2017,AM,8/3/2017,PM,8/4/2017,PM,8/5/2017,PM,,,,,,,,,,,,,,
20148876,19*,7/11/2017,AM,7/17/2017,PM,7/22/2017,AM,7/26/2017,AM,7/30/2017,AM,8/3/2017,AM,8/7/2017,PM,,16,7/26/2017,,,Y,8/4/2017,PM,8/5/2017,AM,8/6/2017,AM,8/9/2017,AM,8/9/2017,AM,,,,,,,,,,,,,,
20148876,20*,7/20/2017,PM,7/26/2017,AM,7/30/2017,AM,8/3/2017,AM,8/8/2017,AM,8/13/2017,PM,,,,,,,,,,,,,,,,,,,,,,,,,,,,,,,,
20148876,21*,7/14/2017,PM,7/19/2017,AM,7/23/2017,AM,7/27/2017,AM,7/31/2017,AM,8/4/2017,AM,8/9/2017,PM,,,,,,,,,,,,,,,,,,,,,,,,,,,,,,
20148876,22*,7/17/2017,PM,7/23/2017,PM,7/28/2017,PM,8/1/2017,PM,8/6/2017,AM,8/10/2017,AM,,,,,,,,,,,,,,,,,,,,,,,,,,,,,,,,
20148876,23*,7/13/2017,PM,7/18/2017,AM,7/22/2017,AM,7/26/2017,PM,7/30/2017,PM,8/3/2017,PM,8/8/2017,AM,,21,7/28/2017,,,Y,8/4/2017,AM,8/4/2017,PM,8/4/2017,PM,8/5/2017,AM,8/5/2017,AM,8/5/2017,AM,8/5/2017,PM,,,,,,,,,,
20148876,24*,7/17/2017,AM,7/22/2017,PM,7/27/2017,AM,7/31/2017,AM,8/4/2017,AM,8/8/2017,PM,8/13/2017,AM,,19,7/26/2017,,,Y,8/14/2017,AM,8/14/2017,AM,8/14/2017,AM,8/14/2017,PM,8/14/2017,PM,,,,,,,,,,,,,,
2276020,1,7/10/2017,PM,7/15/2017,AM,7/19/2017,AM,7/23/2017,PM,7/28/2017,AM,8/2/2017,AM,8/7/2017,AM,,67,7/28/2017,,,Y,8/8/2017,AM,8/14/2017,PM,8/14/2017,PM,8/14/2017,PM,,,,,,,,,,,,,,,,
2276020,2,7/11/2017,PM,7/16/2017,PM,7/20/2017,PM,7/24/2017,PM,7/29/2017,AM,8/2/2017,AM,8/6/2017,AM,,,,,,,,,,,,,,,,,,,,,,,,,,,,,,
2276020,3,,,,,,,,,,,,,,,,,,,,,,,,,,,,,,,,,,,,,,,,,,,,
2276020,4,7/13/2017,AM,7/17/2017,PM,7/21/2017,PM,7/25/2017,PM,7/29/2017,PM,8/2/2017,PM,8/7/2017,AM,,,,,,,,,,,,,,,,,,,,,,,,,,,,,,
2276020,5,7/14/2017,AM,7/18/2017,PM,7/22/2017,PM,7/27/2017,AM,7/31/2017,AM,8/4/2017,PM,8/9/2017,AM,,,,,,,,,,,,,,,,,,,,,,,,,,,,,,
2276020,6,7/12/2017,AM,7/17/2017,AM,7/21/2017,PM,7/26/2017,AM,7/30/2017,AM,8/3/2017,PM,8/9/2017,AM,,58,7/28/2017,,,Y,8/8/2017,PM,8/9/2017,AM,8/9/2017,PM,8/10/2017,PM,8/14/2017,PM,,,,,,,,,,,,,,
2276020,7,7/11/2017,PM,7/15/2017,PM,7/19/2017,PM,7/24/2017,AM,7/28/2017,PM,8/1/2017,AM,8/5/2017,PM,,59,7/28/2017,,,Y,8/14/2017,AM,8/14/2017,AM,8/14/2017,AM,8/14/2017,PM,,,,,,,,,,,,,,,,
2276020,8,7/17/2017,PM,7/22/2017,PM,7/26/2017,PM,7/30/2017,PM,8/3/2017,AM,8/7/2017,AM,8/11/2017,AM,,,,,,,,,,,,,,,,,,,,,,,,,,,,,,
2276020,9,7/12/2017,AM,7/16/2017,AM,7/20/2017,PM,7/24/2017,PM,7/29/2017,AM,8/2/2017,PM,8/6/2017,PM,,60,7/28/2017,,,Y,8/10/2017,PM,,,,,,,,,,,,,,,,,,,,,,
2276020,10,7/15/2017,AM,7/19/2017,PM,7/24/2017,AM,7/28/2017,AM,8/1/2017,AM,8/5/2017,AM,8/9/2017,PM,,,,,,,,,,,,,,,,,,,,,,,,,,,,,,
2276020,11,7/17/2017,AM,7/24/2017,PM,7/29/2017,PM,8/2/2017,PM,8/7/2017,PM,8/12/2017,PM,,,,22,7/26/2017,,,,,,,,,,,,,,,,,,,,,,,,,,,
2276020,12,7/11/2017,PM,7/16/2017,AM,7/20/2017,AM,7/24/2017,PM,7/28/2017,PM,8/1/2017,PM,8/6/2017,AM,,51,7/28/2017,,,Y,8/5/2017,AM,8/7/2017,AM,8/8/2017,AM,8/8/2017,PM,8/8/2017,PM,,,,,,,,,,,,,,
2276020,13,7/10/2017,AM,7/14/2017,PM,7/18/2017,PM,7/22/2017,PM,7/26/2017,PM,7/30/2017,PM,8/3/2017,AM,,69,7/26/2017,,,Y,8/6/2017,AM,8/6/2017,PM,8/6/2017,PM,8/7/2017,PM,8/8/2017,PM,,,,,,,,,,,,,,
2276020,14,7/12/2017,PM,7/16/2017,PM,7/20/2017,PM,7/24/2017,PM,7/28/2017,AM,8/1/2017,AM,8/5/2017,AM,,,,,,,,,,,,,,,,,,,,,,,,,,,,,,
2276020,15,7/12/2017,PM,7/16/2017,PM,7/20/2017,PM,7/24/2017,PM,7/28/2017,PM,8/1/2017,PM,8/5/2017,PM,,58,7/26/2017,,,Y,8/6/2017,PM,8/8/2017,AM,8/8/2017,AM,8/9/2017,AM,8/10/2017,AM,,,,,,,,,,,,,,
2276020,16,7/13/2017,AM,7/17/2017,AM,7/21/2017,AM,mother died (07/20/17) before clutch_3,,,,,,,,,,,,,,,,,,,,,,,,,,,,,,,,,,,,,
2276020,17,7/11/2017,PM,7/16/2017,AM,7/20/2017,AM,7/24/2017,AM,7/28/2017,PM,8/1/2017,AM,8/5/2017,PM,,7,7/28/2017,,,,,,,,,,,,,,,,,,,,,,,,,,,
2276020,18,7/10/2017,PM,7/15/2017,AM,7/19/2017,PM,7/23/2017,PM,7/27/2017,AM,7/31/2017,AM,8/4/2017,PM,,54,7/28/2017,,,Y,8/4/2017,PM,8/4/2017,PM,8/5/2017,PM,8/7/2017,PM,8/8/2017,AM,,,,,,,,,,,,,,
2276020,19,7/11/2017,PM,7/16/2017,AM,7/20/2017,AM,7/24/2017,AM,7/28/2017,AM,7/31/2017,PM,8/4/2017,PM,,50,7/28/2017,,,Y,8/14/2017,PM,8/14/2017,PM,,,,,,,,,,,,,,,,,,,,
2276020,20,7/14/2017,AM,7/18/2017,PM,7/22/2017,PM,7/27/2017,AM,7/31/2017,AM,8/5/2017,AM,8/10/2017,AM,,,,,,,,,,,,,,,,,,,,,,,,,,,,,,
2276020,21,7/10/2017,PM,7/15/2017,AM,7/19/2017,AM,7/23/2017,PM,7/27/2017,PM,7/31/2017,AM,8/4/2017,PM,,78,7/28/2017,,,Y,8/5/2017,AM,8/5/2017,AM,8/6/2017,AM,8/6/2017,PM,8/7/2017,PM,,,,,,,,,,,,,,
2276020,22*,7/10/2017,AM,7/16/2017,AM,7/21/2017,AM,7/25/2017,AM,7/29/2017,AM,8/2/2017,AM,8/6/2017,AM,,21,7/26/2017,,,Y,8/5/2017,AM,8/8/2017,PM,8/14/2017,AM,8/14/2017,PM,8/14/2017,PM,,,,,,,,,,,,,,
2276020,23*,7/12/2017,PM,7/17/2017,AM,7/21/2017,AM,7/25/2017,AM,7/29/2017,AM,8/1/2017,PM,8/5/2017,PM,,,,,,,,,,,,,,,,,,,,,,,,,,,,,,
2276020,24*,7/10/2017,AM,7/17/2017,AM,7/22/2017,AM,7/26/2017,PM,7/31/2017,AM,8/4/2017,PM,8/9/2017,AM,,40,7/26/2017,,,Y,8/7/2017,AM,8/8/2017,PM,8/11/2017,AM,,,,,,,,,,,,,,,,,,
20148875,1,7/14/2017,AM,7/18/2017,AM,7/22/2017,AM,7/26/2017,PM,7/30/2017,PM,8/3/2017,PM,8/8/2017,AM,,,,,,,,,,,,,,,,,,,,,,,,,,,,,,
20148875,2,7/18/2017,PM,,,,,,,,,,,,,,,,,,,,,,,,,,,,,,,,,,,,,,,,,,
20148875,3,7/12/2017,AM,7/16/2017,AM,7/20/2017,PM,7/24/2017,PM,7/28/2017,PM,8/1/2017,PM,8/5/2017,PM,,49,7/28/2017,,,Y,8/7/2017,AM,8/7/2017,PM,8/14/2017,AM,8/14/2017,PM,,,,,,,,,,,,,,,,
20148875,4,7/10/2017,AM,7/14/2017,AM,7/18/2017,PM,7/22/2017,PM,7/26/2017,PM,7/30/2017,PM,8/3/2017,PM,,73,7/27/2017,,,Y,,,,,,,,,,,,,,,,,,,,,,,,
20148875,5,7/14/2017,AM,7/19/2017,AM,7/23/2017,AM,7/27/2017,PM,7/31/2017,PM,8/4/2017,AM,8/9/2017,AM,,,,,,,,,,,,,,,,,,,,,,,,,,,,,,
20148875,6,7/14/2017,PM,7/18/2017,PM,7/23/2017,AM,7/27/2017,AM,7/31/2017,AM,8/7/2017,PM,8/12/2017,PM,,,,,,,,,,,,,,,,,,,,,,,,,,,,,,
20148875,7,7/11/2017,AM,7/16/2017,AM,7/20/2017,AM,7/24/2017,AM,7/28/2017,PM,8/1/2017,AM,8/4/2017,PM,,79,7/26/2017,,,Y,8/4/2017,PM,8/6/2017,AM,8/14/2017,PM,,,,,,,,,,,,,,,,,,
20148875,8,,,,,,,,,,,,,,,,,,,,,,,,,,,,,,,,,,,,,,,,,,,,
20148875,9,7/14/2017,AM,7/18/2017,AM,7/22/2017,AM,7/26/2017,AM,7/30/2017,AM,8/2/2017,PM,8/6/2017,PM,,,,,,,,,,,,,,,,,,,,,,,,,,,,,,
20148875,10,7/13/2017,AM,7/17/2017,PM,7/21/2017,PM,7/26/2017,AM,7/30/2017,AM,8/3/2017,PM,8/8/2017,AM,,51,7/28/2017,,,Y,8/8/2017,PM,8/10/2017,AM,8/10/2017,PM,8/14/2017,AM,8/14/2017,AM,,,,,,,,,,,,,,
20148875,11,7/10/2017,AM,7/14/2017,AM,7/18/2017,PM,7/22/2017,PM,7/27/2017,AM,7/31/2017,AM,8/4/2017,PM,,74,7/27/2017,,,Y,,,,,,,,,,,,,,,,,,,,,,,,
20148875,12,7/11/2017,PM,7/16/2017,PM,7/20/2017,PM,7/25/2017,AM,7/29/2017,AM,8/2/2017,AM,8/6/2017,AM,,30,7/28/2017,,,Y,8/4/2017,PM,8/5/2017,AM,8/5/2017,AM,8/5/2017,PM,8/14/2017,AM,,,,,,,,,,,,,,
20148875,13,7/12/2017,PM,7/16/2017,PM,7/20/2017,PM,7/24/2017,PM,7/28/2017,AM,8/1/2017,AM,8/5/2017,AM,,46,7/28/2017,,,Y,,,,,,,,,,,,,,,,,,,,,,,,
20148875,14,7/14/2017,AM,7/18/2017,AM,7/22/2017,AM,7/26/2017,AM,7/30/2017,AM,8/3/2017,AM,8/7/2017,PM,,70,7/28/2017,,,Y,8/10/2017,AM,8/10/2017,AM,8/10/2017,PM,8/10/2017,PM,8/10/2017,PM,8/10/2017,PM,,,,,,,,,,,,
20148875,15,7/14/2017,PM,7/18/2017,PM,7/22/2017,PM,7/26/2017,PM,7/30/2017,PM,8/3/2017,AM,8/7/2017,PM,,,,,,,,,,,,,,,,,,,,,,,,,,,,,,
20148875,16,7/29/2017,PM,8/4/2017,AM,8/8/2017,PM,8/12/2017,PM,,,,,,,,,,,,,,,,,,,,,,,,,,,,,,,,,,,,
20148875,17,7/28/2017,AM,8/2/2017,PM,8/6/2017,PM,8/10/2017,PM,8/14/2017,PM,,,,,,,,,,,,,,,,,,,,,,,,,,,,,,,,,,
20148875,18,7/25/2017,PM,7/30/2017,PM,8/3/2017,PM,8/7/2017,PM,8/11/2017,PM,,,,,,,,,,,,,,,,,,,,,,,,,,,,,,,,,,
20148875,19,7/24/2017,PM,7/29/2017,PM,8/3/2017,AM,8/8/2017,AM,8/13/2017,AM,,,,,,,,,,,,,,,,,,,,,,,,,,,,,,,,,,
20148875,20,7/10/2017,PM,7/16/2017,PM,7/21/2017,AM,7/25/2017,AM,7/29/2017,PM,8/2/2017,AM,8/6/2017,AM,,31,7/27/2017,,,Y,8/4/2017,AM,8/5/2017,AM,8/8/2017,PM,,,,,,,,,,,,,,,,,,
20148875,21,7/10/2017,AM,7/15/2017,PM,7/20/2017,PM,7/24/2017,PM,7/28/2017,PM,8/1/2017,AM,8/5/2017,AM,,37,7/27/2017,,,Y,8/4/2017,PM,8/5/2017,PM,8/7/2017,PM,8/8/2017,AM,8/8/2017,AM,8/8/2017,AM,,,,,,,,,,,,
20148875,22,7/14/2017,AM,7/18/2017,AM,7/22/2017,AM,7/25/2017,PM,7/29/2017,PM,8/2/2017,PM,8/6/2017,PM,,44,7/28/2017,,,Y,8/7/2017,PM,8/8/2017,PM,8/9/2017,AM,8/11/2017,PM,,,,,,,,,,,,,,,,
20148875,23,7/13/2017,AM,7/18/2017,AM,7/22/2017,PM,7/27/2017,AM,7/31/2017,PM,8/4/2017,PM,8/9/2017,AM,,30,7/28/2017,,,Y,8/8/2017,AM,8/9/2017,AM,,,,,,,,,,,,,,,,,,,,
20148875,24,7/14/2017,PM,7/19/2017,AM,7/23/2017,PM,7/27/2017,PM,7/31/2017,PM,8/4/2017,PM,8/8/2017,PM,,,,,,,,,,,,,,,,,,,,,,,,,,,,,,
20148878,1,7/12/2017,PM,7/17/2017,PM,7/22/2017,PM,7/27/2017,PM,8/1/2017,AM,8/6/2017,AM,8/11/2017,AM,,68,7/28/2017,,,Y,8/5/2017,PM,8/6/2017,AM,8/6/2017,AM,8/8/2017,PM,8/8/2017,PM,,,,,,,,,,,,,,
20148878,2,7/13/2017,AM,7/18/2017,AM,7/22/2017,PM,7/27/2017,AM,7/31/2017,AM,8/4/2017,AM,8/8/2017,PM,,,,,,,,,,,,,,,,,,,,,,,,,,,,,,
20148878,3,7/10/2017,AM,7/14/2017,PM,7/19/2017,AM,7/23/2017,PM,7/27/2017,PM,7/31/2017,PM,8/4/2017,PM,,80,7/27/2017,,,Y,8/5/2017,PM,8/7/2017,AM,8/7/2017,AM,8/7/2017,AM,8/7/2017,PM,8/7/2017,PM,,,,,,,,,,,,
20148878,4,7/13/2017,PM,7/18/2017,PM,7/22/2017,PM,7/26/2017,PM,7/30/2017,PM,8/3/2017,PM,8/7/2017,PM,,,,,,,,,,,,,,,,,,,,,,,,,,,,,,
20148878,5,7/20/2017,AM,7/26/2017,PM,7/31/2017,AM,8/4/2017,AM,8/8/2017,PM,8/12/2017,PM,,,,21,7/28/2017,,,Y,8/11/2017,PM,,,,,,,,,,,,,,,,,,,,,,
20148878,6,7/10/2017,AM,7/14/2017,PM,7/19/2017,PM,7/23/2017,PM,7/28/2017,AM,8/1/2017,AM,8/5/2017,PM,,,,,,Y,8/3/2017,AM,8/9/2017,PM,8/9/2017,PM,8/10/2017,AM,8/10/2017,AM,,,,,,,,,,,,,,
20148878,7,7/10/2017,PM,7/14/2017,PM,7/19/2017,AM,7/23/2017,AM,7/27/2017,AM,7/31/2017,AM,8/4/2017,AM,,106,7/27/2017,,,,,,,,,,,,,,,,,,,,,,,,,,,
20148878,8,7/12/2017,AM,7/17/2017,AM,7/22/2017,AM,7/26/2017,PM,7/30/2017,PM,8/3/2017,PM,8/8/2017,PM,,77,7/28/2017,,,Y,8/10/2017,AM,8/11/2017,AM,8/11/2017,AM,8/11/2017,PM,8/13/2017,AM,,,,,,,,,,,,,,
20148878,9,7/11/2017,AM,7/15/2017,PM,7/20/2017,PM,7/24/2017,PM,7/29/2017,AM,8/2/2017,PM,8/7/2017,AM,,82,7/28/2017,,,Y,8/8/2017,PM,8/9/2017,PM,8/9/2017,PM,,,,,,,,,,,,,,,,,,
20148878,10,7/11/2017,AM,7/15/2017,PM,7/20/2017,AM,7/24/2017,PM,7/29/2017,AM,8/2/2017,AM,,,,86,7/28/2017,,,Y,8/11/2017,AM,8/14/2017,AM,8/14/2017,AM,8/14/2017,AM,8/14/2017,AM,,,,,,,,,,,,,,
20148878,11,7/12/2017,AM,7/16/2017,PM,7/21/2017,AM,7/25/2017,PM,7/30/2017,AM,8/3/2017,AM,8/7/2017,PM,,83,7/28/2017,,,Y,8/6/2017,AM,8/8/2017,PM,8/8/2017,PM,8/9/2017,AM,8/9/2017,AM,,,,,,,,,,,,,,
20148878,12,7/10/2017,PM,7/15/2017,AM,7/19/2017,PM,7/23/2017,PM,7/28/2017,AM,8/1/2017,AM,8/6/2017,AM,,,,,,,,,,,,,,,,,,,,,,,,,,,,,,
20148878,13,7/10/2017,AM,7/14/2017,PM,7/19/2017,PM,7/23/2017,PM,7/28/2017,AM,7/31/2017,PM,,,,86,7/27/2017,,,Y,8/8/2017,PM,8/14/2017,AM,,,,,,,,,,,,,,,,,,,,
20148878,14,7/13/2017,PM,7/18/2017,AM,7/22/2017,AM,7/26/2017,AM,7/30/2017,AM,8/3/2017,AM,,,,,,,,,,,,,,,,,,,,,,,,,,,,,,,,
20148878,15,7/13/2017,AM,7/18/2017,AM,7/22/2017,PM,7/27/2017,PM,7/31/2017,PM,8/4/2017,PM,8/9/2017,AM,,,,,,,,,,,,,,,,,,,,,,,,,,,,,,
20148878,16,7/12/2017,AM,7/16/2017,PM,7/21/2017,AM,7/25/2017,AM,7/29/2017,PM,8/3/2017,AM,,,,40,7/28/2017,,,Y,8/8/2017,PM,8/9/2017,AM,8/9/2017,AM,8/9/2017,AM,8/9/2017,PM,8/9/2017,PM,8/9/2017,PM,,,,,,,,,,
20148878,17,7/14/2017,PM,7/19/2017,PM,7/23/2017,PM,7/28/2017,PM,8/1/2017,PM,8/5/2017,PM,8/10/2017,PM,,,,,,,,,,,,,,,,,,,,,,,,,,,,,,
20148878,18,7/10/2017,AM,7/14/2017,PM,7/19/2017,AM,7/23/2017,AM,7/27/2017,AM,7/31/2017,AM,8/4/2017,PM,,70,7/27/2017,,,Y,8/14/2017,PM,,,,,,,,,,,,,,,,,,,,,,
20148878,19,7/14/2017,PM,7/19/2017,PM,7/23/2017,PM,7/28/2017,AM,7/31/2017,PM,8/4/2017,PM,8/8/2017,PM,,,,,,,,,,,,,,,,,,,,,,,,,,,,,,
20148878,20,7/10/2017,AM,7/14/2017,PM,7/19/2017,AM,7/23/2017,AM,7/27/2017,PM,7/31/2017,PM,8/4/2017,PM,,83,7/27/2017,,,Y,,,,,,,,,,,,,,,,,,,,,,,,
20148878,21*,7/10/2017,PM,7/17/2017,PM,7/23/2017,AM,7/27/2017,PM,7/31/2017,PM,8/4/2017,PM,8/8/2017,PM,,,,,,,,,,,,,,,,,,,,,,,,,,,,,,
20148878,22*,7/21/2017,PM,7/26/2017,PM,7/30/2017,PM,8/3/2017,PM,8/8/2017,AM,8/12/2017,AM,,,,,,,,,,,,,,,,,,,,,,,,,,,,,,,,
20148878,23*,7/15/2017,PM,7/22/2017,AM,7/27/2017,PM,8/1/2017,AM,8/5/2017,AM,8/9/2017,AM,8/13/2017,PM,,,,,,,,,,,,,,,,,,,,,,,,,,,,,,
20148878,24*,7/15/2017,AM,7/20/2017,AM,7/24/2017,AM,7/28/2017,PM,8/2/2017,AM,8/6/2017,AM,8/10/2017,PM,,,,,,,,,,,,,,,,,,,,,,,,,,,,,,
20148874,1,7/11/2017,PM,7/16/2017,AM,7/20/2017,PM,7/25/2017,AM,7/29/2017,AM,8/1/2017,PM,8/5/2017,PM,,,,,,,,,,,,,,,,,,,,,,,,,,,,,,
20148874,2,7/10/2017,AM,7/15/2017,AM,7/20/2017,AM,7/24/2017,PM,7/29/2017,PM,8/2/2017,PM,8/6/2017,PM,,63,7/27/2017,,,Y,8/8/2017,AM,8/8/2017,AM,8/8/2017,AM,8/8/2017,AM,8/8/2017,PM,8/8/2017,PM,8/8/2017,PM,8/8/2017,PM,,,,,,,,
20148874,3,7/14/2017,AM,7/18/2017,PM,7/23/2017,AM,7/27/2017,AM,7/31/2017,AM,8/4/2017,AM,8/8/2017,PM,,,,,,,,,,,,,,,,,,,,,,,,,,,,,,
20148874,4,7/14/2017,PM,7/19/2017,PM,7/23/2017,PM,7/28/2017,AM,8/1/2017,AM,8/5/2017,AM,8/9/2017,PM,,,,,,,,,,,,,,,,,,,,,,,,,,,,,,
20148874,5,7/11/2017,AM,7/15/2017,PM,7/21/2017,AM,7/26/2017,AM,7/30/2017,PM,8/3/2017,PM,8/7/2017,AM,,42,7/27/2017,,,Y,8/8/2017,AM,8/8/2017,PM,8/8/2017,PM,8/10/2017,AM,8/14/2017,AM,,,,,,,,,,,,,,
20148874,6,7/13/2017,AM,7/18/2017,AM,7/22/2017,PM,7/27/2017,PM,7/31/2017,PM,8/4/2017,PM,8/9/2017,AM,,55,7/28/2017,,,Y,8/4/2017,AM,8/6/2017,AM,8/6/2017,PM,8/7/2017,AM,8/8/2017,PM,,,,,,,,,,,,,,
20148874,7,7/17/2017,PM,7/22/2017,AM,7/25/2017,PM,7/29/2017,AM,8/2/2017,AM,8/6/2017,AM,8/10/2017,PM,,,,,,,,,,,,,,,,,,,,,,,,,,,,,,
20148874,8,7/11/2017,AM,7/15/2017,PM,7/20/2017,PM,7/24/2017,PM,7/28/2017,PM,8/1/2017,AM,8/5/2017,AM,,50,7/27/2017,,,Y,8/4/2017,AM,8/4/2017,PM,8/4/2017,PM,8/5/2017,AM,8/5/2017,AM,8/5/2017,PM,,,,,,,,,,,,
20148874,9,7/12/2017,AM,7/16/2017,PM,7/20/2017,PM,7/25/2017,AM,7/29/2017,AM,8/2/2017,AM,8/6/2017,PM,,69,7/28/2017,,,Y,8/6/2017,AM,8/7/2017,AM,8/8/2017,AM,8/8/2017,PM,8/8/2017,PM,,,,,,,,,,,,,,
20148874,10,7/12/2017,PM,7/16/2017,PM,7/21/2017,AM,7/25/2017,AM,7/29/2017,AM,8/2/2017,AM,8/6/2017,AM,,75,7/28/2017,,,Y,8/10/2017,AM,8/14/2017,AM,,,,,,,,,,,,,,,,,,,,
20148874,11,7/10/2017,PM,7/15/2017,PM,7/19/2017,PM,7/24/2017,AM,7/28/2017,PM,8/1/2017,PM,8/5/2017,PM,,46,7/27/2017,,,Y,8/4/2017,PM,8/5/2017,AM,8/6/2017,AM,8/6/2017,AM,8/6/2017,AM,8/6/2017,AM,,,,,,,,,,,,
20148874,12,7/11/2017,PM,7/16/2017,AM,7/20/2017,AM,7/24/2017,PM,7/29/2017,AM,8/1/2017,PM,8/8/2017,AM,,,,,,,,,,,,,,,,,,,,,,,,,,,,,,
20148874,13,7/11/2017,PM,7/16/2017,PM,7/20/2017,PM,7/25/2017,AM,7/29/2017,PM,,,,,,,,,,,,,,,,,,,,,,,,,,,,,,,,,,
20148874,14,7/12/2017,AM,7/16/2017,AM,7/20/2017,AM,7/25/2017,AM,7/29/2017,PM,8/2/2017,AM,8/6/2017,AM,,48,7/28/2017,,,Y,8/1/2017,PM,8/7/2017,AM,8/7/2017,AM,8/8/2017,PM,8/8/2017,PM,8/8/2017,PM,,,,,,,,,,,,
20148874,15,7/14/2017,AM,7/18/2017,PM,7/22/2017,PM,7/27/2017,AM,7/31/2017,AM,8/4/2017,AM,8/8/2017,PM,,,,,,,,,,,,,,,,,,,,,,,,,,,,,,
20148874,16,7/11/2017,PM,7/16/2017,AM,7/20/2017,AM,7/24/2017,PM,7/29/2017,PM,8/4/2017,AM,,,,35,7/28/2017,,,Y,8/1/2017,PM,8/2/2017,AM,8/2/2017,AM,8/2/2017,PM,8/5/2017,PM,,,,,,,,,,,,,,
20148874,17,7/13/2017,AM,7/17/2017,PM,7/21/2017,PM,7/25/2017,PM,7/29/2017,PM,8/3/2017,AM,8/8/2017,AM,,,,,,,,,,,,,,,,,,,,,,,,,,,,,,
20148874,18,7/12/2017,PM,7/16/2017,PM,7/20/2017,PM,7/24/2017,PM,7/28/2017,PM,8/1/2017,AM,,,,56,7/28/2017,,,Y,8/10/2017,PM,8/14/2017,AM,8/14/2017,PM,8/14/2017,PM,,,,,,,,,,,,,,,,
20148874,19,7/13/2017,PM,7/18/2017,AM,7/22/2017,AM,7/26/2017,AM,7/30/2017,AM,8/2/2017,PM,8/6/2017,PM,,,,,,,,,,,,,,,,,,,,,,,,,,,,,,
20148874,20,7/10/2017,AM,7/15/2017,AM,7/19/2017,AM,7/23/2017,PM,7/27/2017,PM,7/31/2017,PM,8/4/2017,PM,,83,7/27/2017,,,Y,8/1/2017,PM,8/5/2017,AM,8/5/2017,PM,8/5/2017,PM,8/5/2017,PM,8/5/2017,PM,,,,,,,,,,,,
20148874,21*,7/12/2017,AM,7/17/2017,PM,7/22/2017,AM,7/27/2017,AM,7/31/2017,AM,8/5/2017,AM,8/10/2017,AM,,24,7/28/2017,,,Y,8/2/2017,AM,8/2/2017,AM,8/3/2017,AM,8/3/2017,AM,8/3/2017,PM,8/4/2017,PM,,,,,,,,,,,,
20148874,22*,7/13/2017,AM,7/18/2017,AM,7/22/2017,PM,7/27/2017,AM,7/31/2017,AM,8/4/2017,PM,8/9/2017,AM,,,,,,,,,,,,,,,,,,,,,,,,,,,,,,
20148874,23*,7/21/2017,AM,7/27/2017,AM,7/30/2017,PM,8/3/2017,PM,8/7/2017,PM,8/11/2017,PM,,,,,,,,,,,,,,,,,,,,,,,,,,,,,,,,
20148874,24*,7/15/2017,PM,7/20/2017,AM,7/24/2017,PM,7/30/2017,AM,8/3/2017,AM,8/7/2017,PM,8/12/2017,AM,,,,,,,,,,,,,,,,,,,,,,,,,,,,,,
1181396,1,7/10/2017,PM,7/15/2017,PM,7/22/2017,AM,8/2/2017,AM,8/6/2017,AM,8/11/2017,PM,,,,68,7/28/2017,,,Y,7/31/2017,PM,,,,,,,,,,,,,,,,,,,,,,
1181396,2,7/13/2017,AM,7/17/2017,PM,7/22/2017,AM,7/26/2017,PM,7/30/2017,PM,8/3/2017,PM,8/8/2017,AM,,63,7/28/2017,,,Y,8/14/2017,PM,,,,,,,,,,,,,,,,,,,,,,
1181396,3,7/10/2017,AM,7/16/2017,AM,7/21/2017,PM,7/27/2017,AM,7/31/2017,PM,8/4/2017,PM,8/9/2017,AM,,41,7/27/2017,,,Y,,,,,,,,,,,,,,,,,,,,,,,,
1181396,4,7/14/2017,PM,7/19/2017,AM,7/23/2017,PM,7/27/2017,PM,7/31/2017,PM,8/4/2017,PM,8/8/2017,PM,,,,,,,,,,,,,,,,,,,,,,,,,,,,,,
1181396,5,7/10/2017,AM,7/16/2017,PM,7/20/2017,PM,7/25/2017,PM,7/30/2017,AM,8/3/2017,PM,8/8/2017,AM,,60,7/27/2017,,,Y,,,,,,,,,,,,,,,,,,,,,,,,
1181396,6,7/14/2017,PM,7/19/2017,AM,7/23/2017,PM,7/27/2017,PM,7/31/2017,PM,8/5/2017,AM,8/9/2017,AM,,,,,,,,,,,,,,,,,,,,,,,,,,,,,,
1181396,7,7/10/2017,AM,7/14/2017,PM,7/19/2017,PM,7/23/2017,PM,7/27/2017,PM,7/31/2017,PM,8/4/2017,PM,,77,7/27/2017,,,Y,,,,,,,,,,,,,,,,,,,,,,,,
1181396,8,7/14/2017,AM,7/18/2017,PM,7/22/2017,PM,7/27/2017,AM,7/31/2017,AM,8/4/2017,AM,8/8/2017,PM,,,,,,,,,,,,,,,,,,,,,,,,,,,,,,
1181396,9,7/10/2017,AM,7/14/2017,PM,7/19/2017,AM,7/23/2017,PM,7/27/2017,PM,7/31/2017,AM,8/4/2017,AM,,49,7/27/2017,,,Y,8/2/2017,PM,8/3/2017,AM,8/4/2017,AM,8/4/2017,AM,8/5/2017,AM,8/6/2017,PM,,,,,,,,,,,,
1181396,10,7/14/2017,PM,7/19/2017,AM,7/23/2017,PM,7/27/2017,PM,7/31/2017,PM,8/4/2017,PM,8/8/2017,PM,,,,,,,,,,,,,,,,,,,,,,,,,,,,,,
1181396,11,7/10/2017,PM,7/15/2017,PM,7/23/2017,AM,7/26/2017,AM,7/30/2017,AM,8/3/2017,PM,8/8/2017,AM,,63,7/28/2017,,,Y,8/8/2017,PM,8/9/2017,AM,8/9/2017,AM,8/9/2017,AM,8/9/2017,PM,,,,,,,,,,,,,,
1181396,12,7/10/2017,PM,7/16/2017,AM,7/22/2017,AM,7/27/2017,AM,7/31/2017,AM,8/4/2017,PM,8/9/2017,PM,,46,7/28/2017,,,Y,8/3/2017,AM,8/4/2017,AM,8/4/2017,PM,8/5/2017,AM,8/7/2017,AM,8/7/2017,AM,,,,,,,,,,,,
1181396,13,7/12/2017,AM,7/16/2017,PM,7/21/2017,AM,7/25/2017,PM,7/30/2017,AM,8/3/2017,AM,8/7/2017,PM,,,,,,,,,,,,,,,,,,,,,,,,,,,,,,
1181396,14,7/11/2017,AM,7/16/2017,AM,7/21/2017,AM,7/25/2017,PM,7/30/2017,AM,8/3/2017,AM,8/8/2017,PM,,36,7/28/2017,,,Y,8/1/2017,PM,8/3/2017,AM,8/4/2017,AM,8/4/2017,AM,8/4/2017,AM,8/4/2017,PM,,,,,,,,,,,,
1181396,15,7/13/2017,PM,7/18/2017,AM,7/22/2017,AM,7/25/2017,PM,7/29/2017,PM,8/2/2017,AM,8/6/2017,AM,,,,,,,,,,,,,,,,,,,,,,,,,,,,,,
1181396,16,7/13/2017,PM,7/18/2017,AM,7/22/2017,AM,7/26/2017,PM,7/30/2017,PM,8/3/2017,PM,8/8/2017,PM,,,,,,,,,,,,,,,,,,,,,,,,,,,,,,
1181396,17,7/11/2017,PM,7/16/2017,AM,7/20/2017,PM,7/26/2017,AM,7/31/2017,AM,8/4/2017,AM,8/8/2017,PM,,,,,,,,,,,,,,,,,,,,,,,,,,,,,,
1181396,18,7/10/2017,AM,7/15/2017,AM,7/20/2017,PM,7/24/2017,PM,7/28/2017,PM,8/1/2017,AM,8/5/2017,AM,,41,7/27/2017,,,Y,8/1/2017,AM,8/3/2017,PM,8/3/2017,PM,8/4/2017,AM,8/4/2017,PM,,,,,,,,,,,,,,
1181396,19,7/14/2017,AM,7/18/2017,PM,7/22/2017,PM,7/26/2017,PM,7/30/2017,PM,8/3/2017,AM,8/7/2017,AM,,,,,,,,,,,,,,,,,,,,,,,,,,,,,,
1181396,20,7/13/2017,AM,7/18/2017,AM,7/23/2017,AM,7/31/2017,PM,8/4/2017,PM,8/9/2017,AM,8/14/2017,AM,,53,7/28/2017,,,Y,8/9/2017,AM,8/9/2017,AM,8/9/2017,PM,8/11/2017,AM,8/14/2017,AM,8/14/2017,AM,,,,,,,,,,,,
1181396,21,7/10/2017,AM,7/15/2017,PM,7/20/2017,AM,7/24/2017,PM,7/28/2017,PM,8/1/2017,PM,8/5/2017,PM,,49,7/28/2017,,,Y,8/3/2017,PM,8/6/2017,AM,8/6/2017,AM,8/8/2017,AM,8/8/2017,PM,,,,,,,,,,,,,,
1181396,22,7/13/2017,AM,7/17/2017,AM,7/21/2017,AM,7/26/2017,AM,7/30/2017,AM,8/2/2017,PM,8/6/2017,PM,,,,,,,,,,,,,,,,,,,,,,,,,,,,,,
1181396,23,7/12/2017,AM,7/16/2017,AM,7/20/2017,PM,7/25/2017,AM,7/29/2017,AM,8/1/2017,PM,8/5/2017,PM,,,,,,,,,,,,,,,,,,,,,,,,,,,,,,
1181396,24,7/14/2017,AM,7/19/2017,AM,7/24/2017,AM,,,,,,,,,,,,,,,,,,,,,,,,,,,,,,,,,,,,,,
2276018,1,7/15/2017,AM,7/19/2017,PM,7/24/2017,AM,7/28/2017,AM,8/1/2017,AM,8/5/2017,AM,8/9/2017,PM,,,,,,,,,,,,,,,,,,,,,,,,,,,,,,
2276018,2,7/15/2017,AM,7/19/2017,AM,7/23/2017,AM,7/27/2017,AM,7/31/2017,AM,8/4/2017,AM,8/8/2017,PM,,49,7/27/2017,,,Y,,,,,,,,,,,,,,,,,,,,,,,,
2276018,3,7/16/2017,AM,7/20/2017,AM,7/24/2017,PM,7/29/2017,PM,8/2/2017,AM,8/6/2017,PM,8/11/2017,AM,,6,7/27/2017,,,,,,,,,,,,,,,,,,,,,,,,,,,
2276018,4,7/10/2017,PM,7/15/2017,PM,7/20/2017,AM,7/24/2017,PM,7/29/2017,AM,8/2/2017,AM,8/6/2017,AM,,42,7/27/2017,,,Y,8/4/2017,AM,,,,,,,,,,,,,,,,,,,,,,
2276018,5,7/9/2017,PM,7/14/2017,AM,7/18/2017,PM,7/24/2017,AM,7/28/2017,PM,8/1/2017,PM,8/5/2017,PM,,,,,,,,,,,,,,,,,,,,,,,,,,,,,,
2276018,6,7/10/2017,AM,7/15/2017,AM,7/19/2017,PM,7/24/2017,AM,7/28/2017,PM,8/1/2017,PM,8/5/2017,AM,,,,,,,,,,,,,,,,,,,,,,,,,,,,,,
2276018,7,7/12/2017,AM,7/16/2017,AM,7/20/2017,PM,7/24/2017,PM,7/29/2017,AM,8/1/2017,PM,8/6/2017,AM,,51,7/27/2017,,,Y,8/9/2017,AM,8/10/2017,PM,8/11/2017,AM,8/14/2017,AM,,,,,,,,,,,,,,,,
2276018,8,7/10/2017,PM,7/15/2017,AM,7/19/2017,AM,7/23/2017,PM,7/27/2017,PM,7/31/2017,AM,8/4/2017,AM,,53,7/27/2017,,,Y,8/3/2017,PM,8/3/2017,PM,8/4/2017,AM,8/4/2017,AM,8/4/2017,AM,8/4/2017,AM,8/4/2017,AM,,,,,,,,,,
2276018,9,7/15/2017,AM,7/19/2017,PM,7/24/2017,AM,7/28/2017,PM,8/2/2017,AM,8/6/2017,PM,8/11/2017,AM,,,,,,,,,,,,,,,,,,,,,,,,,,,,,,
2276018,10,7/10/2017,PM,7/15/2017,PM,7/20/2017,AM,7/24/2017,AM,7/28/2017,AM,8/1/2017,AM,8/5/2017,AM,,58,7/27/2017,,,Y,8/5/2017,AM,8/5/2017,PM,8/6/2017,AM,8/6/2017,PM,8/7/2017,PM,,,,,,,,,,,,,,
2276018,11,7/10/2017,AM,7/15/2017,AM,7/20/2017,AM,7/24/2017,PM,8/1/2017,AM,8/6/2017,AM,8/11/2017,AM,,,,,,,,,,,,,,,,,,,,,,,,,,,,,,
2276018,12,7/13/2017,AM,7/19/2017,AM,7/23/2017,AM,7/27/2017,PM,7/31/2017,PM,8/4/2017,PM,8/8/2017,PM,,50,7/27/2017,,,Y,8/1/2017,PM,8/6/2017,AM,8/6/2017,PM,8/6/2017,PM,8/8/2017,PM,8/8/2017,PM,8/8/2017,PM,,,,,,,,,,
2276018,13,7/14/2017,AM,7/18/2017,PM,7/22/2017,PM,7/27/2017,AM,7/30/2017,PM,8/3/2017,PM,8/7/2017,PM,,,,,,,,,,,,,,,,,,,,,,,,,,,,,,
2276018,14,7/10/2017,PM,7/15/2017,AM,7/19/2017,PM,7/26/2017,AM,7/30/2017,PM,8/3/2017,AM,8/7/2017,AM,,59,7/27/2017,,,Y,8/4/2017,AM,8/4/2017,PM,8/5/2017,AM,8/5/2017,AM,8/9/2017,PM,,,,,,,,,,,,,,
2276018,15,7/12/2017,PM,7/17/2017,PM,7/21/2017,PM,7/26/2017,AM,7/30/2017,AM,8/3/2017,AM,8/7/2017,PM,,36,7/27/2017,,,Y,8/3/2017,PM,8/4/2017,AM,8/4/2017,AM,8/4/2017,AM,8/4/2017,AM,8/4/2017,AM,8/4/2017,AM,8/4/2017,PM,,,,,,,,
2276018,16,7/10/2017,AM,7/15/2017,AM,7/19/2017,PM,7/24/2017,AM,7/28/2017,AM,8/1/2017,AM,8/5/2017,AM,,52,7/27/2017,,,Y,,,,,,,,,,,,,,,,,,,,,,,,
2276018,17,7/14/2017,PM,7/19/2017,AM,7/23/2017,AM,7/27/2017,AM,7/31/2017,AM,8/4/2017,AM,8/8/2017,PM,,,,,,,,,,,,,,,,,,,,,,,,,,,,,,
2276018,18,7/14/2017,AM,7/18/2017,PM,7/22/2017,PM,7/26/2017,PM,7/30/2017,PM,8/4/2017,PM,,,,,,,,,,,,,,,,,,,,,,,,,,,,,,,,
2276018,19,7/13/2017,PM,7/18/2017,AM,7/22/2017,PM,7/26/2017,PM,7/30/2017,PM,8/3/2017,AM,8/7/2017,AM,,,,,,,,,,,,,,,,,,,,,,,,,,,,,,
2276018,20,7/10/2017,PM,7/15/2017,AM,7/19/2017,PM,7/23/2017,PM,7/27/2017,PM,7/31/2017,AM,8/4/2017,AM,,65,7/27/2017,,,Y,8/4/2017,PM,8/4/2017,PM,8/4/2017,PM,8/5/2017,AM,8/5/2017,PM,8/6/2017,AM,,,,,,,,,,,,
2276018,21,7/13/2017,AM,7/17/2017,AM,7/21/2017,AM,7/25/2017,PM,7/29/2017,PM,8/2/2017,AM,8/6/2017,AM,,,,,,,,,,,,,,,,,,,,,,,,,,,,,,
2276018,22,7/12/2017,PM,7/16/2017,PM,7/21/2017,AM,7/25/2017,PM,7/29/2017,PM,8/2/2017,AM,8/6/2017,PM,,50,7/27/2017,,,Y,8/10/2017,AM,8/11/2017,PM,8/12/2017,AM,8/12/2017,AM,8/12/2017,AM,,,,,,,,,,,,,,
2276018,23,7/12/2017,AM,7/17/2017,AM,7/22/2017,AM,7/26/2017,PM,7/30/2017,AM,8/3/2017,AM,8/7/2017,AM,,35,7/27/2017,,,Y,8/7/2017,PM,8/9/2017,AM,8/9/2017,PM,8/10/2017,AM,8/12/2017,AM,,,,,,,,,,,,,,
2276018,24,7/21/2017,AM,7/25/2017,PM,7/29/2017,PM,8/2/2017,AM,8/5/2017,PM,8/9/2017,PM,8/14/2017,AM,,,,,,,,,,,,,,,,,,,,,,,,,,,,,,
906035,1,7/14/2017,PM,7/21/2017,PM,7/28/2017,PM,8/2/2017,AM,8/5/2017,PM,8/10/2017,AM,8/14/2017,AM,,,,,,,,,,,,,,,,,,,,,,,,,,,,,,
906035,2,7/11/2017,AM,7/15/2017,PM,7/21/2017,AM,7/26/2017,AM,7/30/2017,AM,8/2/2017,PM,8/6/2017,AM,,52,7/27/2017,,,Y,8/5/2017,AM,8/5/2017,AM,8/5/2017,AM,8/5/2017,PM,8/6/2017,PM,,,,,,,,,,,,,,
906035,3,7/12/2017,PM,7/18/2017,AM,7/23/2017,PM,7/29/2017,PM,,,,,,,,,,,,,,,,,,,,,,,,,,,,,,,,,,,,
906035,4,7/11/2017,PM,7/17/2017,AM,7/22/2017,AM,7/27/2017,AM,7/31/2017,PM,8/4/2017,PM,8/10/2017,AM,,,,,,,,,,,,,,,,,,,,,,,,,,,,,,
906035,5,7/14/2017,AM,7/19/2017,AM,7/23/2017,PM,7/28/2017,AM,8/1/2017,PM,8/6/2017,PM,8/11/2017,AM,,69,7/27/2017,,,Y,8/6/2017,AM,8/7/2017,AM,8/8/2017,PM,,,,,,,,,,,,,,,,,,
906035,6,7/14/2017,AM,7/19/2017,PM,7/25/2017,AM,,,,,,,,,,31,7/27/2017,,,Y,8/6/2017,AM,,,,,,,,,,,,,,,,,,,,,,
906035,7,7/10/2017,AM,7/15/2017,AM,7/20/2017,AM,7/24/2017,PM,7/29/2017,AM,8/2/2017,AM,8/6/2017,PM,,42,7/27/2017,,,Y,8/3/2017,AM,8/4/2017,AM,8/4/2017,AM,8/4/2017,PM,8/4/2017,PM,8/4/2017,PM,8/5/2017,AM,,,,,,,,,,
906035,8,7/11/2017,AM,7/15/2017,AM,7/19/2017,AM,7/23/2017,PM,7/27/2017,AM,7/31/2017,AM,8/3/2017,PM,,60,7/27/2017,,,Y,8/8/2017,PM,8/8/2017,PM,,,,,,,,,,,,,,,,,,,,
906035,9,7/10/2017,PM,7/15/2017,PM,7/20/2017,AM,7/24/2017,AM,7/28/2017,AM,7/31/2017,PM,8/4/2017,AM,,39,7/27/2017,,,Y,8/2/2017,AM,8/3/2017,PM,8/3/2017,PM,8/4/2017,AM,8/4/2017,AM,8/4/2017,AM,8/4/2017,AM,8/4/2017,PM,8/5/2017,AM,8/5/2017,AM,,,,
906035,10,7/13/2017,AM,7/17/2017,PM,7/21/2017,AM,7/25/2017,AM,7/29/2017,AM,8/1/2017,PM,8/5/2017,PM,,61,7/27/2017,,,Y,8/8/2017,PM,,,,,,,,,,,,,,,,,,,,,,
906035,11,7/17/2017,PM,7/22/2017,PM,7/27/2017,PM,7/31/2017,AM,8/4/2017,PM,8/9/2017,AM,8/14/2017,AM,,,,,,,,,,,,,,,,,,,,,,,,,,,,,,
906035,12,7/12/2017,PM,7/16/2017,AM,7/20/2017,PM,7/26/2017,AM,7/30/2017,PM,8/3/2017,PM,8/8/2017,AM,,48,7/27/2017,,,Y,8/2/2017,AM,8/4/2017,AM,8/5/2017,AM,8/5/2017,AM,8/5/2017,AM,8/5/2017,PM,8/5/2017,PM,8/5/2017,PM,,,,,,,,
906035,13,7/14/2017,PM,7/18/2017,PM,7/22/2017,PM,7/26/2017,PM,7/30/2017,PM,8/3/2017,AM,8/7/2017,AM,,,,,,,,,,,,,,,,,,,,,,,,,,,,,,
906035,14,7/11/2017,AM,7/16/2017,PM,7/22/2017,AM,7/26/2017,AM,7/30/2017,AM,8/3/2017,AM,8/8/2017,PM,,32,7/27/2017,,,Y,8/2/2017,PM,8/2/2017,PM,8/3/2017,PM,8/3/2017,PM,8/4/2017,AM,8/4/2017,AM,8/4/2017,PM,8/4/2017,PM,8/4/2017,PM,,,,,,
906035,15,7/11/2017,AM,7/16/2017,AM,7/20/2017,PM,7/24/2017,PM,7/28/2017,PM,8/1/2017,PM,8/5/2017,PM,,59,7/27/2017,,,Y,8/4/2017,PM,8/5/2017,AM,8/5/2017,AM,8/5/2017,PM,8/6/2017,AM,8/6/2017,AM,8/6/2017,AM,,,,,,,,,,
906035,16,7/10/2017,AM,7/15/2017,PM,7/19/2017,PM,7/24/2017,AM,7/28/2017,AM,7/31/2017,PM,8/4/2017,AM,,54,7/27/2017,,,Y,8/5/2017,AM,8/5/2017,AM,8/5/2017,PM,8/5/2017,PM,8/5/2017,PM,8/5/2017,PM,8/5/2017,PM,8/5/2017,PM,,,,,,,,
906035,17,7/10/2017,AM,7/17/2017,AM,7/22/2017,PM,7/27/2017,PM,7/31/2017,PM,8/4/2017,AM,8/8/2017,AM,,41,7/27/2017,,,Y,8/2/2017,AM,8/3/2017,PM,8/4/2017,AM,8/4/2017,PM,8/4/2017,PM,8/5/2017,AM,8/5/2017,AM,,,,,,,,,,
906035,18,7/11/2017,PM,7/16/2017,PM,7/20/2017,PM,7/25/2017,AM,7/29/2017,AM,8/2/2017,AM,8/6/2017,AM,,,,,,,,,,,,,,,,,,,,,,,,,,,,,,
906035,19,,,,,,,,,,,,,,,,,,,,,,,,,,,,,,,,,,,,,,,,,,,,
906035,20,7/16/2017,AM,7/20/2017,PM,7/24/2017,PM,7/29/2017,AM,8/3/2017,AM,,,,,,,,,,,,,,,,,,,,,,,,,,,,,,,,,,
906035,21,7/17/2017,AM,7/22/2017,AM,7/26/2017,PM,7/30/2017,AM,8/3/2017,AM,8/8/2017,AM,8/13/2017,AM,,,,,,,,,,,,,,,,,,,,,,,,,,,,,,
906035,22,7/15/2017,PM,7/20/2017,AM,7/24/2017,AM,7/28/2017,AM,8/1/2017,AM,8/5/2017,AM,8/9/2017,AM,,,,,,,,,,,,,,,,,,,,,,,,,,,,,,
906035,23,7/15/2017,PM,7/20/2017,AM,7/24/2017,PM,8/1/2017,PM,8/6/2017,AM,8/10/2017,PM,,,,,,,,,,,,,,,,,,,,,,,,,,,,,,,,
906035,24,7/15/2017,AM,7/20/2017,AM,7/24/2017,AM,7/28/2017,AM,7/31/2017,PM,8/4/2017,PM,8/8/2017,PM,,,,,,,,,,,,,,,,,,,,,,,,,,,,,,
9742339,1,7/15/2017,PM,7/21/2017,PM,7/27/2017,AM,8/1/2017,AM,8/5/2017,AM,8/9/2017,AM,8/13/2017,PM,,54,7/27/2017,,,Y,8/5/2017,AM,8/5/2017,PM,8/5/2017,PM,8/5/2017,PM,8/8/2017,AM,,,,,,,,,,,,,,
9742339,2,7/16/2017,PM,7/22/2017,AM,7/26/2017,PM,7/30/2017,PM,8/3/2017,AM,8/7/2017,AM,8/11/2017,AM,,,,,,,,,,,,,,,,,,,,,,,,,,,,,,
9742339,3,7/15/2017,AM,7/19/2017,PM,7/24/2017,AM,7/28/2017,PM,8/1/2017,AM,8/5/2017,AM,8/9/2017,AM,,36,7/26/2017,,,Y,8/4/2017,PM,8/5/2017,AM,8/7/2017,AM,8/7/2017,AM,8/7/2017,AM,,,,,,,,,,,,,,
9742339,4,7/17/2017,AM,7/23/2017,AM,7/28/2017,AM,8/1/2017,AM,8/4/2017,PM,8/9/2017,AM,8/13/2017,AM,,,,,,,,,,,,,,,,,,,,,,,,,,,,,,
9742339,5,7/16/2017,AM,7/21/2017,AM,7/25/2017,AM,7/29/2017,AM,8/1/2017,PM,8/5/2017,PM,8/9/2017,PM,,34,7/27/2017,,,Y,8/7/2017,PM,8/8/2017,AM,8/8/2017,PM,8/8/2017,PM,8/10/2017,AM,,,,,,,,,,,,,,
9742339,6,7/19/2017,AM,7/25/2017,PM,7/31/2017,AM,8/4/2017,PM,8/10/2017,AM,8/14/2017,PM,,,,39,7/27/2017,,,Y,8/8/2017,AM,8/9/2017,PM,8/11/2017,PM,,,,,,,,,,,,,,,,,,
9742339,7,7/16/2017,AM,7/21/2017,AM,7/25/2017,AM,7/29/2017,PM,8/2/2017,AM,8/6/2017,AM,8/10/2017,PM,,40,7/27/2017,,,Y,8/10/2017,PM,8/10/2017,PM,8/14/2017,AM,,,,,,,,,,,,,,,,,,
9742339,8,7/17/2017,AM,7/23/2017,AM,7/28/2017,AM,8/1/2017,AM,8/5/2017,AM,8/10/2017,AM,,,,,,,,,,,,,,,,,,,,,,,,,,,,,,,,
9742339,9,7/15/2017,AM,7/20/2017,AM,7/24/2017,PM,7/29/2017,AM,8/2/2017,AM,8/6/2017,AM,8/10/2017,AM,,10,7/26/2017,,,,,,,,,,,,,,,,,,,,,,,,,,,
9742339,10,7/15/2017,AM,7/20/2017,PM,7/25/2017,AM,7/29/2017,AM,8/1/2017,PM,8/5/2017,PM,8/10/2017,AM,,37,7/26/2017,,,Y,,,,,,,,,,,,,,,,,,,,,,,,
9742339,11,7/18/2017,AM,7/24/2017,AM,7/29/2017,PM,8/2/2017,AM,8/6/2017,PM,8/11/2017,AM,,,,,,,,,,,,,,,,,,,,,,,,,,,,,,,,
9742339,12,7/17/2017,PM,7/27/2017,AM,8/2/2017,AM,8/6/2017,AM,8/10/2017,AM,8/14/2017,PM,,,,,,,,,,,,,,,,,,,,,,,,,,,,,,,,
9742339,13,7/15/2017,AM,7/24/2017,PM,7/30/2017,PM,8/4/2017,AM,8/9/2017,AM,8/14/2017,AM,,,,30,7/26/2017,,,Y,8/5/2017,AM,8/5/2017,AM,8/5/2017,AM,8/5/2017,PM,8/6/2017,AM,,,,,,,,,,,,,,
9742339,14,7/15/2017,PM,7/20/2017,PM,7/24/2017,PM,7/28/2017,PM,8/1/2017,AM,8/5/2017,AM,8/9/2017,AM,,48,7/27/2017,,,Y,8/14/2017,AM,,,,,,,,,,,,,,,,,,,,,,
9742339,15,7/15/2017,PM,7/21/2017,AM,7/26/2017,AM,7/30/2017,AM,8/3/2017,AM,8/8/2017,AM,8/13/2017,AM,,40,7/27/2017,,,Y,8/5/2017,AM,8/6/2017,AM,8/8/2017,AM,8/8/2017,AM,8/9/2017,AM,,,,,,,,,,,,,,
9742339,16,7/16/2017,PM,7/22/2017,AM,7/26/2017,AM,7/30/2017,AM,8/3/2017,PM,8/10/2017,AM,,,,,,,,,,,,,,,,,,,,,,,,,,,,,,,,
9742339,17,7/12/2017,PM,7/17/2017,PM,7/22/2017,AM,7/26/2017,AM,7/30/2017,AM,8/3/2017,AM,8/7/2017,PM,,42,7/26/2017,,,Y,8/3/2017,PM,8/4/2017,AM,8/4/2017,PM,8/4/2017,PM,8/9/2017,AM,,,,,,,,,,,,,,
9742339,18,7/15/2017,AM,7/21/2017,AM,7/26/2017,AM,7/30/2017,AM,8/3/2017,PM,8/8/2017,AM,8/12/2017,PM,,,,,,,,,,,,,,,,,,,,,,,,,,,,,,
9742339,19,7/15/2017,AM,7/21/2017,AM,7/25/2017,PM,7/30/2017,AM,8/3/2017,PM,8/9/2017,AM,8/14/2017,AM,,27,7/27/2017,,,Y,8/4/2017,AM,8/4/2017,AM,8/4/2017,PM,8/4/2017,PM,8/4/2017,PM,8/5/2017,AM,8/5/2017,PM,8/5/2017,PM,,,,,,,,
9742339,20,7/17/2017,AM,7/22/2017,AM,7/26/2017,AM,7/30/2017,AM,8/3/2017,AM,8/8/2017,PM,8/14/2017,PM,,,,,,,,,,,,,,,,,,,,,,,,,,,,,,
9742339,21,7/17/2017,AM,7/24/2017,PM,7/30/2017,AM,8/4/2017,AM,8/10/2017,AM,,,,,,,,,,,,,,,,,,,,,,,,,,,,,,,,,,
9742339,22,7/20/2017,AM,7/28/2017,AM,8/3/2017,AM,8/7/2017,PM,8/12/2017,PM,,,,,,,,,,,,,,,,,,,,,,,,,,,,,,,,,,
9742339,23,7/15/2017,PM,7/21/2017,AM,7/26/2017,AM,7/30/2017,AM,8/2/2017,PM,8/7/2017,AM,8/11/2017,PM,,40,7/27/2017,,,Y,,,,,,,,,,,,,,,,,,,,,,,,
9742339,24,7/15/2017,PM,7/21/2017,AM,7/25/2017,PM,7/31/2017,AM,8/4/2017,AM,8/9/2017,AM,8/13/2017,PM,,,,,,,,,,,,,,,,,,,,,,,,,,,,,,
